EncounterKey,DxCode,DiagnosisSeq,PresentOnAdmission
ENC-00001,I10,1,N
ENC-00001,E11.9,2,Y
ENC-00001,N18.3,3,U
ENC-00001,J18.9,4,U
ENC-00002,F32.9,1,U
ENC-00002,N18.3,2,Y
ENC-00002,E11.9,3,Y
ENC-00003,J18.9,1,Y
ENC-00003,I10,2,N
ENC-00003,F32.9,3,N
ENC-00003,E11.9,4,Y
ENC-00004,E11.9,1,N
ENC-00004,I10,2,Y
ENC-00004,F32.9,3,N
ENC-00005,F32.9,1,Y
ENC-00006,N18.3,1,N
ENC-00006,F32.9,2,Y
ENC-00006,I10,3,N
ENC-00006,J18.9,4,U
ENC-00007,F32.9,1,N
ENC-00007,J18.9,2,N
ENC-00007,E11.9,3,N
ENC-00007,N18.3,4,Y
ENC-00008,E11.9,1,N
ENC-00008,N18.3,2,U
ENC-00009,I10,1,N
ENC-00009,F32.9,2,U
ENC-00009,J18.9,3,Y
ENC-00010,N18.3,1,Y
ENC-00010,I10,2,Y
ENC-00010,J18.9,3,U
ENC-00010,F32.9,4,N
ENC-00011,F32.9,1,N
ENC-00011,N18.3,2,N
ENC-00012,E11.9,1,U
ENC-00012,F32.9,2,Y
ENC-00013,J18.9,1,U
ENC-00013,N18.3,2,Y
ENC-00013,I10,3,N
ENC-00014,E11.9,1,N
ENC-00015,F32.9,1,Y
ENC-00016,J18.9,1,U
ENC-00016,E11.9,2,N
ENC-00016,F32.9,3,Y
ENC-00016,N18.3,4,N
ENC-00017,N18.3,1,Y
ENC-00018,F32.9,1,U
ENC-00018,J18.9,2,N
ENC-00019,I10,1,Y
ENC-00019,E11.9,2,U
ENC-00019,F32.9,3,Y
ENC-00019,N18.3,4,N
ENC-00020,I10,1,N
ENC-00020,J18.9,2,N
ENC-00021,N18.3,1,U
ENC-00021,J18.9,2,N
ENC-00021,I10,3,Y
ENC-00021,F32.9,4,N
ENC-00022,E11.9,1,U
ENC-00022,N18.3,2,U
ENC-00022,I10,3,N
ENC-00022,J18.9,4,Y
ENC-00023,J18.9,1,U
ENC-00024,N18.3,1,Y
ENC-00025,F32.9,1,Y
ENC-00025,E11.9,2,U
ENC-00025,I10,3,N
ENC-00025,J18.9,4,U
ENC-00026,N18.3,1,N
ENC-00027,J18.9,1,Y
ENC-00027,E11.9,2,Y
ENC-00027,N18.3,3,N
ENC-00027,F32.9,4,U
ENC-00028,E11.9,1,U
ENC-00028,J18.9,2,Y
ENC-00028,I10,3,U
ENC-00029,J18.9,1,N
ENC-00030,E11.9,1,Y
ENC-00031,E11.9,1,N
ENC-00032,N18.3,1,U
ENC-00033,N18.3,1,N
ENC-00033,F32.9,2,U
ENC-00034,I10,1,U
ENC-00034,J18.9,2,N
ENC-00034,N18.3,3,Y
ENC-00035,F32.9,1,Y
ENC-00036,E11.9,1,Y
ENC-00036,I10,2,Y
ENC-00036,J18.9,3,Y
ENC-00037,N18.3,1,N
ENC-00038,N18.3,1,Y
ENC-00038,I10,2,Y
ENC-00038,E11.9,3,N
ENC-00038,J18.9,4,U
ENC-00039,F32.9,1,Y
ENC-00039,J18.9,2,U
ENC-00039,E11.9,3,Y
ENC-00039,N18.3,4,U
ENC-00040,I10,1,U
ENC-00040,J18.9,2,N
ENC-00040,E11.9,3,N
ENC-00040,N18.3,4,Y
ENC-00041,J18.9,1,N
ENC-00041,N18.3,2,U
ENC-00041,F32.9,3,N
ENC-00041,I10,4,N
ENC-00042,E11.9,1,Y
ENC-00042,I10,2,N
ENC-00042,F32.9,3,U
ENC-00042,J18.9,4,Y
ENC-00043,E11.9,1,U
ENC-00044,N18.3,1,N
ENC-00044,J18.9,2,U
ENC-00044,I10,3,N
ENC-00044,E11.9,4,U
ENC-00045,J18.9,1,N
ENC-00046,E11.9,1,N
ENC-00047,J18.9,1,N
ENC-00047,F32.9,2,Y
ENC-00048,F32.9,1,Y
ENC-00048,E11.9,2,N
ENC-00048,J18.9,3,U
ENC-00048,N18.3,4,Y
ENC-00049,J18.9,1,Y
ENC-00049,I10,2,N
ENC-00049,E11.9,3,U
ENC-00049,N18.3,4,N
ENC-00050,J18.9,1,Y
ENC-00050,E11.9,2,U
ENC-00051,E11.9,1,Y
ENC-00051,F32.9,2,N
ENC-00051,I10,3,Y
ENC-00052,J18.9,1,Y
ENC-00052,E11.9,2,N
ENC-00052,N18.3,3,N
ENC-00053,J18.9,1,N
ENC-00054,N18.3,1,U
ENC-00055,J18.9,1,U
ENC-00056,N18.3,1,N
ENC-00056,E11.9,2,N
ENC-00056,F32.9,3,N
ENC-00056,J18.9,4,N
ENC-00057,J18.9,1,N
ENC-00057,F32.9,2,Y
ENC-00057,N18.3,3,U
ENC-00057,I10,4,U
ENC-00058,E11.9,1,U
ENC-00058,I10,2,N
ENC-00058,J18.9,3,U
ENC-00059,I10,1,Y
ENC-00059,J18.9,2,U
ENC-00060,E11.9,1,U
ENC-00060,F32.9,2,U
ENC-00061,E11.9,1,Y
ENC-00061,F32.9,2,N
ENC-00061,N18.3,3,U
ENC-00061,J18.9,4,U
ENC-00062,J18.9,1,Y
ENC-00063,I10,1,N
ENC-00063,N18.3,2,U
ENC-00063,F32.9,3,N
ENC-00064,E11.9,1,N
ENC-00064,F32.9,2,N
ENC-00064,I10,3,U
ENC-00065,F32.9,1,Y
ENC-00065,N18.3,2,N
ENC-00066,I10,1,N
ENC-00067,N18.3,1,N
ENC-00067,I10,2,Y
ENC-00067,J18.9,3,U
ENC-00068,I10,1,U
ENC-00068,J18.9,2,U
ENC-00068,F32.9,3,U
ENC-00069,F32.9,1,Y
ENC-00069,J18.9,2,U
ENC-00069,N18.3,3,N
ENC-00070,J18.9,1,N
ENC-00070,I10,2,N
ENC-00070,F32.9,3,Y
ENC-00070,N18.3,4,U
ENC-00071,N18.3,1,Y
ENC-00071,J18.9,2,U
ENC-00071,F32.9,3,N
ENC-00071,E11.9,4,Y
ENC-00072,N18.3,1,N
ENC-00072,I10,2,U
ENC-00072,J18.9,3,N
ENC-00073,E11.9,1,Y
ENC-00074,J18.9,1,U
ENC-00074,F32.9,2,Y
ENC-00074,E11.9,3,U
ENC-00074,I10,4,N
ENC-00075,E11.9,1,Y
ENC-00075,J18.9,2,Y
ENC-00075,N18.3,3,Y
ENC-00075,F32.9,4,Y
ENC-00076,E11.9,1,U
ENC-00076,J18.9,2,Y
ENC-00077,J18.9,1,U
ENC-00078,F32.9,1,U
ENC-00078,I10,2,Y
ENC-00078,N18.3,3,N
ENC-00078,E11.9,4,N
ENC-00079,E11.9,1,U
ENC-00079,J18.9,2,Y
ENC-00080,F32.9,1,Y
ENC-00080,E11.9,2,U
ENC-00081,F32.9,1,N
ENC-00081,J18.9,2,Y
ENC-00081,N18.3,3,U
ENC-00081,E11.9,4,N
ENC-00082,J18.9,1,U
ENC-00082,F32.9,2,N
ENC-00083,N18.3,1,Y
ENC-00083,F32.9,2,N
ENC-00083,I10,3,U
ENC-00084,E11.9,1,Y
ENC-00084,F32.9,2,Y
ENC-00084,J18.9,3,N
ENC-00084,N18.3,4,N
ENC-00085,F32.9,1,U
ENC-00086,F32.9,1,Y
ENC-00086,I10,2,N
ENC-00086,N18.3,3,N
ENC-00087,J18.9,1,U
ENC-00087,N18.3,2,N
ENC-00088,F32.9,1,U
ENC-00088,N18.3,2,N
ENC-00088,J18.9,3,N
ENC-00089,F32.9,1,U
ENC-00089,J18.9,2,N
ENC-00089,N18.3,3,N
ENC-00089,I10,4,U
ENC-00090,F32.9,1,U
ENC-00091,E11.9,1,N
ENC-00091,N18.3,2,U
ENC-00091,J18.9,3,U
ENC-00091,I10,4,N
ENC-00092,F32.9,1,N
ENC-00092,N18.3,2,U
ENC-00092,E11.9,3,N
ENC-00092,I10,4,U
ENC-00093,E11.9,1,N
ENC-00093,N18.3,2,N
ENC-00093,F32.9,3,U
ENC-00094,N18.3,1,N
ENC-00094,J18.9,2,Y
ENC-00094,F32.9,3,Y
ENC-00095,I10,1,N
ENC-00096,J18.9,1,Y
ENC-00096,F32.9,2,Y
ENC-00096,N18.3,3,U
ENC-00097,J18.9,1,Y
ENC-00097,I10,2,N
ENC-00098,F32.9,1,N
ENC-00098,N18.3,2,Y
ENC-00099,E11.9,1,N
ENC-00099,I10,2,N
ENC-00099,J18.9,3,U
ENC-00100,E11.9,1,Y
ENC-00101,J18.9,1,U
ENC-00101,E11.9,2,Y
ENC-00101,I10,3,N
ENC-00102,N18.3,1,N
ENC-00102,J18.9,2,U
ENC-00103,J18.9,1,Y
ENC-00103,N18.3,2,U
ENC-00104,F32.9,1,U
ENC-00104,I10,2,N
ENC-00104,J18.9,3,U
ENC-00104,E11.9,4,Y
ENC-00105,E11.9,1,N
ENC-00105,F32.9,2,N
ENC-00105,J18.9,3,N
ENC-00105,N18.3,4,N
ENC-00106,F32.9,1,Y
ENC-00106,N18.3,2,Y
ENC-00106,J18.9,3,N
ENC-00106,E11.9,4,N
ENC-00107,E11.9,1,Y
ENC-00107,I10,2,U
ENC-00108,N18.3,1,Y
ENC-00108,E11.9,2,Y
ENC-00108,J18.9,3,U
ENC-00108,I10,4,N
ENC-00109,J18.9,1,U
ENC-00109,F32.9,2,U
ENC-00109,I10,3,N
ENC-00109,N18.3,4,U
ENC-00110,J18.9,1,N
ENC-00110,E11.9,2,Y
ENC-00111,J18.9,1,N
ENC-00112,E11.9,1,Y
ENC-00112,J18.9,2,Y
ENC-00112,F32.9,3,U
ENC-00112,I10,4,Y
ENC-00113,J18.9,1,N
ENC-00113,F32.9,2,N
ENC-00113,N18.3,3,Y
ENC-00114,E11.9,1,Y
ENC-00114,F32.9,2,N
ENC-00114,N18.3,3,U
ENC-00115,E11.9,1,U
ENC-00115,J18.9,2,U
ENC-00115,I10,3,N
ENC-00115,N18.3,4,Y
ENC-00116,N18.3,1,Y
ENC-00117,I10,1,N
ENC-00117,N18.3,2,Y
ENC-00117,J18.9,3,Y
ENC-00118,J18.9,1,Y
ENC-00118,F32.9,2,N
ENC-00118,E11.9,3,N
ENC-00119,I10,1,U
ENC-00120,E11.9,1,N
ENC-00120,N18.3,2,Y
ENC-00121,J18.9,1,Y
ENC-00121,I10,2,U
ENC-00122,F32.9,1,U
ENC-00122,J18.9,2,U
ENC-00122,E11.9,3,Y
ENC-00122,I10,4,U
ENC-00123,N18.3,1,N
ENC-00123,F32.9,2,U
ENC-00123,I10,3,N
ENC-00124,J18.9,1,Y
ENC-00124,I10,2,N
ENC-00124,N18.3,3,N
ENC-00125,I10,1,Y
ENC-00126,N18.3,1,Y
ENC-00126,E11.9,2,N
ENC-00127,J18.9,1,N
ENC-00128,N18.3,1,N
ENC-00129,N18.3,1,N
ENC-00129,E11.9,2,N
ENC-00129,F32.9,3,N
ENC-00130,N18.3,1,U
ENC-00131,F32.9,1,Y
ENC-00131,I10,2,Y
ENC-00131,E11.9,3,U
ENC-00131,N18.3,4,U
ENC-00132,E11.9,1,N
ENC-00132,F32.9,2,N
ENC-00132,N18.3,3,N
ENC-00133,E11.9,1,N
ENC-00134,I10,1,U
ENC-00134,J18.9,2,Y
ENC-00134,F32.9,3,Y
ENC-00135,N18.3,1,Y
ENC-00135,E11.9,2,U
ENC-00136,F32.9,1,Y
ENC-00137,F32.9,1,N
ENC-00137,I10,2,U
ENC-00137,E11.9,3,Y
ENC-00137,J18.9,4,U
ENC-00138,F32.9,1,N
ENC-00138,N18.3,2,U
ENC-00139,N18.3,1,Y
ENC-00139,J18.9,2,Y
ENC-00140,N18.3,1,N
ENC-00140,F32.9,2,Y
ENC-00140,J18.9,3,Y
ENC-00140,E11.9,4,U
ENC-00141,F32.9,1,Y
ENC-00141,J18.9,2,N
ENC-00142,J18.9,1,N
ENC-00142,I10,2,N
ENC-00143,E11.9,1,U
ENC-00143,I10,2,N
ENC-00144,J18.9,1,U
ENC-00145,E11.9,1,N
ENC-00145,J18.9,2,N
ENC-00145,N18.3,3,Y
ENC-00145,F32.9,4,U
ENC-00146,N18.3,1,U
ENC-00146,F32.9,2,Y
ENC-00146,E11.9,3,U
ENC-00147,N18.3,1,N
ENC-00147,E11.9,2,N
ENC-00148,I10,1,Y
ENC-00149,I10,1,U
ENC-00149,N18.3,2,N
ENC-00150,E11.9,1,U
ENC-00151,I10,1,U
ENC-00151,E11.9,2,Y
ENC-00151,N18.3,3,Y
ENC-00151,F32.9,4,N
ENC-00152,N18.3,1,U
ENC-00152,J18.9,2,Y
ENC-00153,F32.9,1,U
ENC-00154,J18.9,1,N
ENC-00154,I10,2,Y
ENC-00154,N18.3,3,Y
ENC-00154,E11.9,4,N
ENC-00155,N18.3,1,N
ENC-00155,F32.9,2,U
ENC-00156,I10,1,N
ENC-00157,E11.9,1,N
ENC-00157,J18.9,2,U
ENC-00158,E11.9,1,Y
ENC-00159,J18.9,1,U
ENC-00159,E11.9,2,N
ENC-00160,J18.9,1,U
ENC-00161,N18.3,1,U
ENC-00162,F32.9,1,Y
ENC-00162,I10,2,Y
ENC-00163,E11.9,1,U
ENC-00163,J18.9,2,N
ENC-00163,I10,3,N
ENC-00163,F32.9,4,Y
ENC-00164,J18.9,1,N
ENC-00164,I10,2,Y
ENC-00164,F32.9,3,N
ENC-00165,F32.9,1,Y
ENC-00165,E11.9,2,Y
ENC-00166,I10,1,Y
ENC-00166,E11.9,2,Y
ENC-00166,J18.9,3,Y
ENC-00166,N18.3,4,U
ENC-00167,J18.9,1,U
ENC-00167,N18.3,2,N
ENC-00167,F32.9,3,N
ENC-00168,F32.9,1,N
ENC-00169,F32.9,1,N
ENC-00169,I10,2,Y
ENC-00169,N18.3,3,Y
ENC-00170,N18.3,1,Y
ENC-00170,E11.9,2,Y
ENC-00170,I10,3,Y
ENC-00170,F32.9,4,Y
ENC-00171,I10,1,Y
ENC-00171,J18.9,2,Y
ENC-00171,F32.9,3,Y
ENC-00172,E11.9,1,N
ENC-00172,J18.9,2,N
ENC-00172,I10,3,N
ENC-00172,N18.3,4,Y
ENC-00173,I10,1,Y
ENC-00173,F32.9,2,N
ENC-00173,E11.9,3,Y
ENC-00173,J18.9,4,U
ENC-00174,N18.3,1,Y
ENC-00174,J18.9,2,N
ENC-00174,I10,3,U
ENC-00175,I10,1,U
ENC-00175,E11.9,2,Y
ENC-00176,J18.9,1,U
ENC-00177,E11.9,1,U
ENC-00178,J18.9,1,N
ENC-00178,E11.9,2,Y
ENC-00179,F32.9,1,N
ENC-00180,J18.9,1,Y
ENC-00180,F32.9,2,U
ENC-00180,I10,3,N
ENC-00181,F32.9,1,U
ENC-00181,I10,2,Y
ENC-00181,N18.3,3,U
ENC-00181,E11.9,4,U
ENC-00182,J18.9,1,Y
ENC-00182,F32.9,2,U
ENC-00183,E11.9,1,N
ENC-00183,I10,2,N
ENC-00184,E11.9,1,N
ENC-00184,N18.3,2,U
ENC-00184,F32.9,3,N
ENC-00184,J18.9,4,Y
ENC-00185,E11.9,1,N
ENC-00185,I10,2,U
ENC-00185,J18.9,3,U
ENC-00185,N18.3,4,N
ENC-00186,I10,1,N
ENC-00186,F32.9,2,Y
ENC-00187,N18.3,1,U
ENC-00188,J18.9,1,N
ENC-00188,I10,2,Y
ENC-00189,N18.3,1,N
ENC-00189,I10,2,N
ENC-00190,F32.9,1,N
ENC-00190,N18.3,2,N
ENC-00190,J18.9,3,Y
ENC-00190,I10,4,N
ENC-00191,N18.3,1,Y
ENC-00192,E11.9,1,N
ENC-00192,F32.9,2,U
ENC-00192,J18.9,3,Y
ENC-00192,N18.3,4,Y
ENC-00193,I10,1,U
ENC-00194,N18.3,1,U
ENC-00194,F32.9,2,N
ENC-00194,J18.9,3,Y
ENC-00195,I10,1,N
ENC-00195,N18.3,2,N
ENC-00196,I10,1,U
ENC-00196,E11.9,2,N
ENC-00196,F32.9,3,N
ENC-00196,N18.3,4,N
ENC-00197,F32.9,1,U
ENC-00197,N18.3,2,U
ENC-00197,I10,3,Y
ENC-00198,E11.9,1,N
ENC-00198,J18.9,2,U
ENC-00198,F32.9,3,N
ENC-00199,E11.9,1,N
ENC-00199,N18.3,2,Y
ENC-00199,J18.9,3,N
ENC-00199,F32.9,4,U
ENC-00200,F32.9,1,Y
ENC-00200,E11.9,2,U
ENC-00201,E11.9,1,Y
ENC-00201,F32.9,2,N
ENC-00201,J18.9,3,U
ENC-00201,I10,4,N
ENC-00202,I10,1,U
ENC-00203,E11.9,1,Y
ENC-00203,F32.9,2,Y
ENC-00203,J18.9,3,U
ENC-00204,J18.9,1,U
ENC-00204,E11.9,2,U
ENC-00205,I10,1,Y
ENC-00205,E11.9,2,U
ENC-00205,N18.3,3,N
ENC-00206,F32.9,1,Y
ENC-00206,J18.9,2,Y
ENC-00206,E11.9,3,Y
ENC-00206,I10,4,N
ENC-00207,E11.9,1,Y
ENC-00207,F32.9,2,N
ENC-00207,J18.9,3,Y
ENC-00208,I10,1,U
ENC-00209,E11.9,1,N
ENC-00209,J18.9,2,Y
ENC-00210,I10,1,N
ENC-00210,F32.9,2,N
ENC-00211,E11.9,1,U
ENC-00211,F32.9,2,Y
ENC-00212,I10,1,U
ENC-00213,I10,1,Y
ENC-00213,J18.9,2,U
ENC-00213,E11.9,3,U
ENC-00213,F32.9,4,U
ENC-00214,F32.9,1,Y
ENC-00214,E11.9,2,U
ENC-00214,N18.3,3,U
ENC-00215,F32.9,1,N
ENC-00215,E11.9,2,U
ENC-00216,N18.3,1,Y
ENC-00216,J18.9,2,Y
ENC-00217,I10,1,U
ENC-00217,F32.9,2,U
ENC-00218,N18.3,1,Y
ENC-00218,I10,2,Y
ENC-00218,F32.9,3,N
ENC-00219,F32.9,1,N
ENC-00219,J18.9,2,N
ENC-00219,N18.3,3,Y
ENC-00219,I10,4,Y
ENC-00220,F32.9,1,N
ENC-00220,N18.3,2,U
ENC-00220,I10,3,Y
ENC-00220,E11.9,4,U
ENC-00221,J18.9,1,U
ENC-00221,I10,2,U
ENC-00221,F32.9,3,U
ENC-00222,E11.9,1,U
ENC-00222,I10,2,N
ENC-00222,N18.3,3,N
ENC-00222,J18.9,4,Y
ENC-00223,I10,1,U
ENC-00223,E11.9,2,N
ENC-00223,J18.9,3,N
ENC-00224,J18.9,1,Y
ENC-00224,I10,2,N
ENC-00224,E11.9,3,N
ENC-00224,N18.3,4,Y
ENC-00225,J18.9,1,N
ENC-00225,F32.9,2,N
ENC-00225,I10,3,U
ENC-00225,N18.3,4,U
ENC-00226,I10,1,Y
ENC-00227,N18.3,1,Y
ENC-00228,I10,1,U
ENC-00228,F32.9,2,N
ENC-00228,J18.9,3,U
ENC-00228,E11.9,4,Y
ENC-00229,J18.9,1,N
ENC-00229,N18.3,2,N
ENC-00230,F32.9,1,U
ENC-00230,J18.9,2,Y
ENC-00231,E11.9,1,N
ENC-00232,N18.3,1,U
ENC-00232,I10,2,U
ENC-00232,J18.9,3,U
ENC-00233,F32.9,1,U
ENC-00233,I10,2,N
ENC-00233,N18.3,3,Y
ENC-00234,I10,1,Y
ENC-00234,N18.3,2,Y
ENC-00234,E11.9,3,U
ENC-00234,J18.9,4,N
ENC-00235,E11.9,1,N
ENC-00236,J18.9,1,U
ENC-00237,J18.9,1,Y
ENC-00238,I10,1,U
ENC-00239,I10,1,U
ENC-00239,J18.9,2,N
ENC-00239,N18.3,3,N
ENC-00240,E11.9,1,U
ENC-00241,I10,1,U
ENC-00241,E11.9,2,Y
ENC-00241,J18.9,3,U
ENC-00241,N18.3,4,U
ENC-00242,J18.9,1,U
ENC-00242,I10,2,Y
ENC-00243,F32.9,1,Y
ENC-00244,J18.9,1,N
ENC-00244,I10,2,N
ENC-00244,E11.9,3,N
ENC-00245,N18.3,1,U
ENC-00245,J18.9,2,Y
ENC-00246,E11.9,1,N
ENC-00246,J18.9,2,U
ENC-00246,I10,3,U
ENC-00247,F32.9,1,N
ENC-00248,F32.9,1,N
ENC-00248,N18.3,2,N
ENC-00249,J18.9,1,U
ENC-00249,F32.9,2,U
ENC-00249,N18.3,3,N
ENC-00249,I10,4,N
ENC-00250,J18.9,1,Y
ENC-00250,N18.3,2,Y
ENC-00250,F32.9,3,U
ENC-00251,I10,1,U
ENC-00251,F32.9,2,U
ENC-00251,N18.3,3,Y
ENC-00252,J18.9,1,U
ENC-00252,I10,2,U
ENC-00252,F32.9,3,Y
ENC-00252,N18.3,4,U
ENC-00253,J18.9,1,Y
ENC-00253,I10,2,Y
ENC-00253,N18.3,3,N
ENC-00253,E11.9,4,N
ENC-00254,J18.9,1,Y
ENC-00255,N18.3,1,N
ENC-00255,E11.9,2,N
ENC-00255,J18.9,3,N
ENC-00256,F32.9,1,Y
ENC-00256,I10,2,N
ENC-00256,J18.9,3,N
ENC-00257,N18.3,1,Y
ENC-00257,I10,2,Y
ENC-00258,E11.9,1,U
ENC-00258,N18.3,2,U
ENC-00258,J18.9,3,Y
ENC-00259,F32.9,1,Y
ENC-00259,J18.9,2,U
ENC-00260,E11.9,1,U
ENC-00260,I10,2,U
ENC-00260,N18.3,3,Y
ENC-00260,F32.9,4,U
ENC-00261,N18.3,1,U
ENC-00262,J18.9,1,U
ENC-00263,N18.3,1,N
ENC-00263,J18.9,2,U
ENC-00264,E11.9,1,N
ENC-00264,I10,2,U
ENC-00264,J18.9,3,Y
ENC-00264,N18.3,4,Y
ENC-00265,I10,1,Y
ENC-00266,N18.3,1,Y
ENC-00266,F32.9,2,Y
ENC-00267,I10,1,N
ENC-00267,J18.9,2,N
ENC-00268,J18.9,1,Y
ENC-00269,J18.9,1,U
ENC-00269,N18.3,2,N
ENC-00270,E11.9,1,N
ENC-00270,F32.9,2,U
ENC-00270,N18.3,3,U
ENC-00270,J18.9,4,Y
ENC-00271,J18.9,1,N
ENC-00271,E11.9,2,Y
ENC-00271,F32.9,3,U
ENC-00272,E11.9,1,Y
ENC-00272,J18.9,2,Y
ENC-00273,N18.3,1,N
ENC-00274,F32.9,1,N
ENC-00275,F32.9,1,U
ENC-00275,I10,2,N
ENC-00275,E11.9,3,Y
ENC-00275,J18.9,4,U
ENC-00276,J18.9,1,N
ENC-00276,N18.3,2,Y
ENC-00276,E11.9,3,U
ENC-00277,E11.9,1,N
ENC-00277,F32.9,2,Y
ENC-00278,J18.9,1,N
ENC-00278,F32.9,2,Y
ENC-00278,N18.3,3,U
ENC-00278,I10,4,Y
ENC-00279,J18.9,1,U
ENC-00279,F32.9,2,U
ENC-00279,E11.9,3,N
ENC-00279,N18.3,4,N
ENC-00280,J18.9,1,N
ENC-00280,F32.9,2,U
ENC-00281,J18.9,1,N
ENC-00281,E11.9,2,N
ENC-00282,I10,1,U
ENC-00282,E11.9,2,Y
ENC-00283,N18.3,1,U
ENC-00284,N18.3,1,N
ENC-00285,I10,1,U
ENC-00286,F32.9,1,U
ENC-00286,J18.9,2,Y
ENC-00286,E11.9,3,Y
ENC-00286,N18.3,4,N
ENC-00287,N18.3,1,N
ENC-00287,I10,2,N
ENC-00287,J18.9,3,N
ENC-00288,F32.9,1,N
ENC-00289,E11.9,1,U
ENC-00289,J18.9,2,Y
ENC-00289,I10,3,U
ENC-00289,F32.9,4,U
ENC-00290,F32.9,1,Y
ENC-00290,N18.3,2,N
ENC-00290,E11.9,3,Y
ENC-00290,J18.9,4,Y
ENC-00291,J18.9,1,N
ENC-00291,E11.9,2,U
ENC-00291,F32.9,3,Y
ENC-00292,N18.3,1,U
ENC-00292,J18.9,2,Y
ENC-00292,E11.9,3,N
ENC-00293,F32.9,1,N
ENC-00294,N18.3,1,Y
ENC-00294,E11.9,2,N
ENC-00294,J18.9,3,U
ENC-00294,I10,4,Y
ENC-00295,J18.9,1,N
ENC-00296,F32.9,1,Y
ENC-00296,I10,2,Y
ENC-00296,E11.9,3,Y
ENC-00297,E11.9,1,N
ENC-00298,E11.9,1,N
ENC-00298,J18.9,2,U
ENC-00298,I10,3,N
ENC-00299,N18.3,1,N
ENC-00299,J18.9,2,U
ENC-00300,E11.9,1,U
ENC-00300,N18.3,2,N
ENC-00300,J18.9,3,N
ENC-00300,I10,4,N
ENC-00301,I10,1,U
ENC-00301,F32.9,2,U
ENC-00302,F32.9,1,U
ENC-00302,N18.3,2,Y
ENC-00302,E11.9,3,U
ENC-00303,E11.9,1,U
ENC-00303,F32.9,2,U
ENC-00303,J18.9,3,Y
ENC-00303,I10,4,U
ENC-00304,F32.9,1,N
ENC-00304,N18.3,2,N
ENC-00305,J18.9,1,N
ENC-00305,N18.3,2,Y
ENC-00305,E11.9,3,U
ENC-00306,I10,1,Y
ENC-00306,J18.9,2,N
ENC-00306,F32.9,3,Y
ENC-00307,J18.9,1,Y
ENC-00307,F32.9,2,U
ENC-00308,J18.9,1,Y
ENC-00308,N18.3,2,Y
ENC-00308,E11.9,3,U
ENC-00309,F32.9,1,U
ENC-00309,E11.9,2,U
ENC-00309,N18.3,3,Y
ENC-00310,N18.3,1,N
ENC-00310,J18.9,2,Y
ENC-00311,I10,1,N
ENC-00311,N18.3,2,U
ENC-00311,J18.9,3,Y
ENC-00312,E11.9,1,N
ENC-00312,I10,2,N
ENC-00313,E11.9,1,N
ENC-00313,J18.9,2,U
ENC-00313,N18.3,3,Y
ENC-00314,J18.9,1,N
ENC-00315,E11.9,1,Y
ENC-00315,I10,2,U
ENC-00315,F32.9,3,U
ENC-00316,E11.9,1,N
ENC-00316,N18.3,2,N
ENC-00316,J18.9,3,U
ENC-00316,I10,4,U
ENC-00317,I10,1,Y
ENC-00318,F32.9,1,Y
ENC-00318,J18.9,2,U
ENC-00319,N18.3,1,U
ENC-00319,E11.9,2,Y
ENC-00320,J18.9,1,N
ENC-00320,E11.9,2,Y
ENC-00321,N18.3,1,N
ENC-00321,F32.9,2,U
ENC-00321,E11.9,3,U
ENC-00322,E11.9,1,N
ENC-00322,I10,2,Y
ENC-00323,I10,1,U
ENC-00323,J18.9,2,U
ENC-00323,E11.9,3,Y
ENC-00323,F32.9,4,Y
ENC-00324,N18.3,1,N
ENC-00324,E11.9,2,Y
ENC-00324,F32.9,3,U
ENC-00325,F32.9,1,N
ENC-00325,I10,2,N
ENC-00325,N18.3,3,N
ENC-00325,E11.9,4,N
ENC-00326,N18.3,1,N
ENC-00326,F32.9,2,N
ENC-00327,I10,1,U
ENC-00327,J18.9,2,U
ENC-00327,E11.9,3,Y
ENC-00327,F32.9,4,Y
ENC-00328,N18.3,1,Y
ENC-00328,F32.9,2,Y
ENC-00329,E11.9,1,Y
ENC-00329,I10,2,Y
ENC-00329,N18.3,3,U
ENC-00330,N18.3,1,Y
ENC-00330,F32.9,2,U
ENC-00330,I10,3,N
ENC-00330,J18.9,4,U
ENC-00331,F32.9,1,U
ENC-00332,F32.9,1,N
ENC-00332,J18.9,2,N
ENC-00332,I10,3,N
ENC-00332,N18.3,4,N
ENC-00333,E11.9,1,N
ENC-00333,I10,2,U
ENC-00333,J18.9,3,N
ENC-00333,F32.9,4,U
ENC-00334,F32.9,1,N
ENC-00334,J18.9,2,U
ENC-00334,E11.9,3,U
ENC-00334,N18.3,4,U
ENC-00335,N18.3,1,U
ENC-00336,J18.9,1,U
ENC-00336,E11.9,2,Y
ENC-00336,I10,3,U
ENC-00337,N18.3,1,Y
ENC-00337,I10,2,N
ENC-00337,F32.9,3,N
ENC-00338,E11.9,1,U
ENC-00339,E11.9,1,U
ENC-00339,I10,2,Y
ENC-00339,F32.9,3,N
ENC-00339,J18.9,4,N
ENC-00340,E11.9,1,Y
ENC-00340,J18.9,2,N
ENC-00340,I10,3,Y
ENC-00341,N18.3,1,Y
ENC-00341,J18.9,2,Y
ENC-00341,E11.9,3,U
ENC-00342,I10,1,N
ENC-00342,F32.9,2,Y
ENC-00342,E11.9,3,Y
ENC-00343,I10,1,N
ENC-00343,J18.9,2,Y
ENC-00343,F32.9,3,Y
ENC-00343,N18.3,4,U
ENC-00344,E11.9,1,Y
ENC-00344,J18.9,2,Y
ENC-00344,N18.3,3,Y
ENC-00345,I10,1,N
ENC-00346,I10,1,N
ENC-00346,N18.3,2,Y
ENC-00346,E11.9,3,Y
ENC-00346,J18.9,4,Y
ENC-00347,J18.9,1,N
ENC-00348,F32.9,1,U
ENC-00348,N18.3,2,N
ENC-00348,E11.9,3,Y
ENC-00349,F32.9,1,Y
ENC-00349,J18.9,2,U
ENC-00349,N18.3,3,U
ENC-00349,I10,4,Y
ENC-00350,J18.9,1,Y
ENC-00350,N18.3,2,Y
ENC-00350,F32.9,3,Y
ENC-00350,I10,4,U
ENC-00351,F32.9,1,U
ENC-00351,N18.3,2,N
ENC-00351,I10,3,N
ENC-00351,J18.9,4,U
ENC-00352,J18.9,1,U
ENC-00353,I10,1,U
ENC-00353,E11.9,2,U
ENC-00353,N18.3,3,N
ENC-00354,J18.9,1,U
ENC-00354,N18.3,2,Y
ENC-00354,I10,3,Y
ENC-00354,E11.9,4,Y
ENC-00355,E11.9,1,N
ENC-00355,I10,2,U
ENC-00355,N18.3,3,U
ENC-00355,F32.9,4,N
ENC-00356,E11.9,1,U
ENC-00356,N18.3,2,Y
ENC-00357,E11.9,1,U
ENC-00358,J18.9,1,U
ENC-00359,N18.3,1,N
ENC-00359,J18.9,2,Y
ENC-00359,E11.9,3,Y
ENC-00360,E11.9,1,U
ENC-00361,J18.9,1,Y
ENC-00361,I10,2,U
ENC-00361,F32.9,3,Y
ENC-00362,J18.9,1,Y
ENC-00363,E11.9,1,Y
ENC-00363,J18.9,2,U
ENC-00364,N18.3,1,U
ENC-00364,F32.9,2,N
ENC-00364,E11.9,3,Y
ENC-00364,I10,4,N
ENC-00365,N18.3,1,U
ENC-00365,E11.9,2,N
ENC-00365,J18.9,3,U
ENC-00365,I10,4,U
ENC-00366,F32.9,1,Y
ENC-00367,I10,1,U
ENC-00368,I10,1,U
ENC-00368,N18.3,2,U
ENC-00368,E11.9,3,N
ENC-00368,J18.9,4,N
ENC-00369,J18.9,1,Y
ENC-00369,E11.9,2,N
ENC-00369,N18.3,3,Y
ENC-00370,F32.9,1,U
ENC-00371,N18.3,1,U
ENC-00371,I10,2,N
ENC-00371,J18.9,3,N
ENC-00372,J18.9,1,U
ENC-00373,J18.9,1,N
ENC-00374,I10,1,N
ENC-00374,E11.9,2,N
ENC-00375,I10,1,N
ENC-00376,F32.9,1,U
ENC-00376,N18.3,2,U
ENC-00377,F32.9,1,Y
ENC-00377,I10,2,Y
ENC-00377,N18.3,3,U
ENC-00377,J18.9,4,Y
ENC-00378,J18.9,1,U
ENC-00378,N18.3,2,U
ENC-00378,E11.9,3,U
ENC-00378,I10,4,Y
ENC-00379,F32.9,1,Y
ENC-00379,E11.9,2,U
ENC-00379,N18.3,3,Y
ENC-00380,I10,1,Y
ENC-00381,E11.9,1,U
ENC-00381,F32.9,2,N
ENC-00382,I10,1,U
ENC-00382,F32.9,2,N
ENC-00383,N18.3,1,Y
ENC-00383,F32.9,2,Y
ENC-00384,J18.9,1,Y
ENC-00384,F32.9,2,Y
ENC-00384,N18.3,3,U
ENC-00384,E11.9,4,Y
ENC-00385,N18.3,1,N
ENC-00385,J18.9,2,Y
ENC-00386,N18.3,1,U
ENC-00387,J18.9,1,Y
ENC-00387,E11.9,2,Y
ENC-00387,N18.3,3,U
ENC-00388,N18.3,1,N
ENC-00388,E11.9,2,U
ENC-00388,F32.9,3,Y
ENC-00388,I10,4,U
ENC-00389,J18.9,1,U
ENC-00389,I10,2,Y
ENC-00389,F32.9,3,Y
ENC-00389,E11.9,4,N
ENC-00390,N18.3,1,N
ENC-00391,E11.9,1,N
ENC-00391,I10,2,U
ENC-00391,N18.3,3,N
ENC-00392,J18.9,1,U
ENC-00392,N18.3,2,U
ENC-00393,J18.9,1,N
ENC-00394,F32.9,1,Y
ENC-00394,I10,2,U
ENC-00394,E11.9,3,U
ENC-00394,J18.9,4,U
ENC-00395,F32.9,1,U
ENC-00395,I10,2,N
ENC-00396,I10,1,N
ENC-00396,F32.9,2,N
ENC-00396,E11.9,3,N
ENC-00397,F32.9,1,Y
ENC-00397,J18.9,2,N
ENC-00397,N18.3,3,Y
ENC-00397,I10,4,Y
ENC-00398,N18.3,1,N
ENC-00398,E11.9,2,N
ENC-00398,F32.9,3,N
ENC-00399,F32.9,1,N
ENC-00399,J18.9,2,U
ENC-00400,J18.9,1,N
ENC-00400,F32.9,2,N
ENC-00400,I10,3,N
ENC-00400,N18.3,4,Y
ENC-00401,J18.9,1,U
ENC-00402,J18.9,1,N
ENC-00402,E11.9,2,U
ENC-00402,N18.3,3,Y
ENC-00403,J18.9,1,U
ENC-00403,N18.3,2,U
ENC-00403,E11.9,3,Y
ENC-00404,I10,1,U
ENC-00404,E11.9,2,Y
ENC-00404,J18.9,3,N
ENC-00405,J18.9,1,N
ENC-00405,I10,2,Y
ENC-00405,F32.9,3,U
ENC-00405,E11.9,4,N
ENC-00406,N18.3,1,N
ENC-00406,F32.9,2,N
ENC-00407,E11.9,1,N
ENC-00407,J18.9,2,U
ENC-00408,E11.9,1,N
ENC-00408,F32.9,2,N
ENC-00409,J18.9,1,N
ENC-00410,F32.9,1,U
ENC-00411,E11.9,1,N
ENC-00411,I10,2,N
ENC-00411,N18.3,3,U
ENC-00412,J18.9,1,N
ENC-00413,F32.9,1,Y
ENC-00414,N18.3,1,Y
ENC-00414,F32.9,2,Y
ENC-00414,E11.9,3,Y
ENC-00415,I10,1,N
ENC-00415,N18.3,2,N
ENC-00416,E11.9,1,Y
ENC-00416,J18.9,2,Y
ENC-00417,E11.9,1,Y
ENC-00418,I10,1,U
ENC-00418,F32.9,2,Y
ENC-00418,E11.9,3,Y
ENC-00419,I10,1,U
ENC-00419,F32.9,2,N
ENC-00419,N18.3,3,U
ENC-00420,E11.9,1,Y
ENC-00420,I10,2,Y
ENC-00420,J18.9,3,U
ENC-00421,I10,1,U
ENC-00421,N18.3,2,Y
ENC-00421,F32.9,3,N
ENC-00422,N18.3,1,N
ENC-00422,E11.9,2,N
ENC-00422,J18.9,3,N
ENC-00423,N18.3,1,N
ENC-00424,E11.9,1,Y
ENC-00425,J18.9,1,N
ENC-00425,N18.3,2,U
ENC-00425,F32.9,3,N
ENC-00425,E11.9,4,Y
ENC-00426,N18.3,1,Y
ENC-00426,J18.9,2,N
ENC-00427,J18.9,1,N
ENC-00427,N18.3,2,U
ENC-00428,N18.3,1,U
ENC-00428,I10,2,U
ENC-00428,F32.9,3,N
ENC-00428,J18.9,4,U
ENC-00429,F32.9,1,U
ENC-00429,N18.3,2,Y
ENC-00429,E11.9,3,N
ENC-00429,I10,4,N
ENC-00430,N18.3,1,N
ENC-00430,I10,2,N
ENC-00430,E11.9,3,N
ENC-00431,I10,1,Y
ENC-00431,J18.9,2,N
ENC-00432,E11.9,1,N
ENC-00433,J18.9,1,U
ENC-00434,F32.9,1,U
ENC-00434,J18.9,2,U
ENC-00434,E11.9,3,N
ENC-00435,F32.9,1,Y
ENC-00436,N18.3,1,N
ENC-00436,J18.9,2,N
ENC-00436,I10,3,N
ENC-00436,F32.9,4,U
ENC-00437,E11.9,1,N
ENC-00438,N18.3,1,Y
ENC-00439,N18.3,1,N
ENC-00440,F32.9,1,U
ENC-00441,E11.9,1,Y
ENC-00441,F32.9,2,N
ENC-00441,I10,3,N
ENC-00441,J18.9,4,N
ENC-00442,N18.3,1,Y
ENC-00442,J18.9,2,U
ENC-00442,E11.9,3,U
ENC-00443,J18.9,1,Y
ENC-00443,I10,2,N
ENC-00443,F32.9,3,N
ENC-00444,J18.9,1,Y
ENC-00444,E11.9,2,N
ENC-00445,N18.3,1,U
ENC-00445,I10,2,N
ENC-00445,F32.9,3,U
ENC-00446,I10,1,U
ENC-00446,F32.9,2,N
ENC-00446,J18.9,3,U
ENC-00446,N18.3,4,Y
ENC-00447,F32.9,1,Y
ENC-00447,I10,2,Y
ENC-00447,N18.3,3,U
ENC-00448,J18.9,1,N
ENC-00448,E11.9,2,N
ENC-00448,I10,3,Y
ENC-00449,F32.9,1,N
ENC-00449,J18.9,2,Y
ENC-00449,I10,3,U
ENC-00449,N18.3,4,Y
ENC-00450,E11.9,1,U
ENC-00451,F32.9,1,N
ENC-00451,E11.9,2,U
ENC-00452,F32.9,1,Y
ENC-00452,N18.3,2,N
ENC-00453,I10,1,U
ENC-00454,F32.9,1,N
ENC-00454,I10,2,U
ENC-00454,N18.3,3,U
ENC-00455,I10,1,U
ENC-00455,J18.9,2,U
ENC-00456,N18.3,1,U
ENC-00456,E11.9,2,N
ENC-00456,F32.9,3,Y
ENC-00457,I10,1,N
ENC-00457,N18.3,2,N
ENC-00457,E11.9,3,Y
ENC-00457,J18.9,4,U
ENC-00458,F32.9,1,Y
ENC-00458,E11.9,2,U
ENC-00458,J18.9,3,U
ENC-00459,I10,1,U
ENC-00459,N18.3,2,Y
ENC-00459,E11.9,3,N
ENC-00460,J18.9,1,Y
ENC-00461,N18.3,1,Y
ENC-00461,I10,2,Y
ENC-00462,N18.3,1,N
ENC-00462,J18.9,2,U
ENC-00462,F32.9,3,Y
ENC-00462,I10,4,N
ENC-00463,N18.3,1,N
ENC-00464,E11.9,1,N
ENC-00464,F32.9,2,N
ENC-00464,N18.3,3,N
ENC-00464,I10,4,Y
ENC-00465,N18.3,1,N
ENC-00465,I10,2,N
ENC-00465,E11.9,3,U
ENC-00465,J18.9,4,Y
ENC-00466,I10,1,N
ENC-00466,F32.9,2,U
ENC-00466,E11.9,3,U
ENC-00466,J18.9,4,N
ENC-00467,I10,1,Y
ENC-00468,I10,1,U
ENC-00469,J18.9,1,N
ENC-00470,N18.3,1,Y
ENC-00470,I10,2,N
ENC-00470,E11.9,3,U
ENC-00470,F32.9,4,N
ENC-00471,N18.3,1,N
ENC-00471,J18.9,2,N
ENC-00471,I10,3,U
ENC-00471,E11.9,4,U
ENC-00472,N18.3,1,U
ENC-00472,I10,2,Y
ENC-00472,F32.9,3,N
ENC-00472,E11.9,4,N
ENC-00473,J18.9,1,U
ENC-00473,I10,2,N
ENC-00474,E11.9,1,Y
ENC-00474,F32.9,2,Y
ENC-00474,J18.9,3,N
ENC-00475,F32.9,1,Y
ENC-00476,F32.9,1,U
ENC-00477,I10,1,N
ENC-00477,E11.9,2,Y
ENC-00478,N18.3,1,N
ENC-00478,I10,2,N
ENC-00478,F32.9,3,U
ENC-00478,E11.9,4,Y
ENC-00479,E11.9,1,N
ENC-00479,F32.9,2,Y
ENC-00479,J18.9,3,Y
ENC-00480,N18.3,1,N
ENC-00480,I10,2,Y
ENC-00481,J18.9,1,U
ENC-00481,I10,2,U
ENC-00481,E11.9,3,Y
ENC-00482,E11.9,1,U
ENC-00482,I10,2,N
ENC-00482,J18.9,3,U
ENC-00483,J18.9,1,Y
ENC-00483,F32.9,2,U
ENC-00483,I10,3,Y
ENC-00484,F32.9,1,U
ENC-00484,E11.9,2,U
ENC-00484,I10,3,Y
ENC-00484,N18.3,4,N
ENC-00485,F32.9,1,U
ENC-00485,N18.3,2,U
ENC-00485,J18.9,3,N
ENC-00486,N18.3,1,U
ENC-00486,E11.9,2,Y
ENC-00486,J18.9,3,N
ENC-00486,I10,4,N
ENC-00487,I10,1,Y
ENC-00487,F32.9,2,U
ENC-00487,E11.9,3,Y
ENC-00487,J18.9,4,Y
ENC-00488,J18.9,1,N
ENC-00489,I10,1,N
ENC-00490,N18.3,1,Y
ENC-00490,E11.9,2,U
ENC-00490,J18.9,3,U
ENC-00490,F32.9,4,U
ENC-00491,F32.9,1,Y
ENC-00492,J18.9,1,Y
ENC-00493,N18.3,1,Y
ENC-00493,E11.9,2,U
ENC-00493,F32.9,3,N
ENC-00494,E11.9,1,Y
ENC-00494,I10,2,Y
ENC-00494,J18.9,3,U
ENC-00494,F32.9,4,Y
ENC-00495,E11.9,1,N
ENC-00495,F32.9,2,U
ENC-00496,E11.9,1,U
ENC-00497,J18.9,1,Y
ENC-00497,E11.9,2,U
ENC-00498,E11.9,1,Y
ENC-00498,J18.9,2,U
ENC-00498,I10,3,U
ENC-00499,F32.9,1,N
ENC-00499,J18.9,2,Y
ENC-00500,I10,1,Y
ENC-00500,E11.9,2,U
ENC-00500,J18.9,3,N
