patient_key,patient_id,sex,birth_year
1,P00001,M,1988
2,P00002,F,1962
3,P00003,F,1971
4,P00004,F,1951
5,P00005,M,1989
6,P00006,F,2002
7,P00007,F,1993
8,P00008,F,1987
9,P00009,M,1967
10,P00010,F,1999
11,P00011,F,1983
12,P00012,F,2007
13,P00013,F,2000
14,P00014,M,1991
15,P00015,F,1974
16,P00016,F,1994
17,P00017,F,1986
18,P00018,F,1999
19,P00019,F,1999
20,P00020,F,1985
21,P00021,F,1967
22,P00022,F,1996
23,P00023,F,2004
24,P00024,F,1944
25,P00025,F,1942
26,P00026,F,2000
27,P00027,M,1950
28,P00028,M,1951
29,P00029,F,1979
30,P00030,F,1988
31,P00031,M,1957
32,P00032,M,1965
33,P00033,F,1967
34,P00034,M,1972
35,P00035,M,1956
36,P00036,M,2000
37,P00037,F,1956
38,P00038,F,1992
39,P00039,F,1952
40,P00040,F,1958
41,P00041,M,1962
42,P00042,F,1992
43,P00043,F,1966
44,P00044,M,2003
45,P00045,F,1972
46,P00046,F,1986
47,P00047,F,1949
48,P00048,M,1941
49,P00049,F,1983
50,P00050,F,1988
51,P00051,M,1983
52,P00052,M,1989
53,P00053,M,1987
54,P00054,F,1963
55,P00055,F,1987
56,P00056,M,1996
57,P00057,F,1979
58,P00058,F,1979
59,P00059,F,1980
60,P00060,F,1971
61,P00061,M,1977
62,P00062,M,1950
63,P00063,M,1993
64,P00064,M,1948
65,P00065,M,1981
66,P00066,M,2008
67,P00067,F,1972
68,P00068,M,1977
69,P00069,M,1960
70,P00070,M,1988
71,P00071,M,1964
72,P00072,M,1983
73,P00073,F,1984
74,P00074,F,1985
75,P00075,M,1964
76,P00076,F,1973
77,P00077,M,1969
78,P00078,M,1984
79,P00079,M,1940
80,P00080,F,2004
81,P00081,F,1940
82,P00082,M,1961
83,P00083,M,1966
84,P00084,M,1993
85,P00085,M,2007
86,P00086,M,1965
87,P00087,F,1953
88,P00088,M,1949
89,P00089,F,1947
90,P00090,M,1978
91,P00091,M,1977
92,P00092,F,1952
93,P00093,M,1991
94,P00094,F,1973
95,P00095,M,1982
96,P00096,F,1956
97,P00097,M,1989
98,P00098,M,1962
99,P00099,M,1972
100,P00100,F,1975
101,P00101,M,1988
102,P00102,F,2001
103,P00103,M,1961
104,P00104,F,2008
105,P00105,F,1998
106,P00106,F,1954
107,P00107,M,2003
108,P00108,F,1982
109,P00109,F,2008
110,P00110,M,1941
111,P00111,M,1992
112,P00112,M,1961
113,P00113,F,1946
114,P00114,M,1944
115,P00115,F,1983
116,P00116,F,1977
117,P00117,F,1996
118,P00118,F,1993
119,P00119,F,1964
120,P00120,F,2002
121,P00121,F,1974
122,P00122,M,1986
123,P00123,F,1965
124,P00124,F,1985
125,P00125,F,1954
126,P00126,F,1957
127,P00127,F,2009
128,P00128,F,1944
129,P00129,M,1961
130,P00130,M,1969
131,P00131,F,1983
132,P00132,F,1983
133,P00133,M,1964
134,P00134,M,1962
135,P00135,F,1958
136,P00136,M,2006
137,P00137,F,1969
138,P00138,M,1952
139,P00139,F,1996
140,P00140,F,1960
141,P00141,F,1996
142,P00142,M,1972
143,P00143,M,1945
144,P00144,M,1942
145,P00145,M,1960
146,P00146,F,1941
147,P00147,M,1977
148,P00148,M,1955
149,P00149,M,1994
150,P00150,F,1945
151,P00151,M,1960
152,P00152,M,1982
153,P00153,M,1944
154,P00154,M,1974
155,P00155,F,2010
156,P00156,F,1942
157,P00157,M,1991
158,P00158,M,2005
159,P00159,F,1962
160,P00160,M,1946
161,P00161,F,1970
162,P00162,M,1960
163,P00163,F,1995
164,P00164,F,1943
165,P00165,F,1956
166,P00166,F,1978
167,P00167,F,1972
168,P00168,F,1995
169,P00169,F,1940
170,P00170,F,2004
171,P00171,M,1997
172,P00172,F,1961
173,P00173,F,1983
174,P00174,M,1956
175,P00175,M,1951
176,P00176,M,2004
177,P00177,F,1969
178,P00178,M,1966
179,P00179,F,1995
180,P00180,F,1962
181,P00181,F,2000
182,P00182,F,1962
183,P00183,M,1961
184,P00184,F,1970
185,P00185,F,2007
186,P00186,F,1993
187,P00187,M,2007
188,P00188,F,1970
189,P00189,M,1981
190,P00190,M,2003
191,P00191,F,1952
192,P00192,F,1944
193,P00193,M,1947
194,P00194,M,1964
195,P00195,F,1977
196,P00196,F,1974
197,P00197,M,1941
198,P00198,M,1965
199,P00199,M,1954
200,P00200,F,1984
201,P00201,M,1958
202,P00202,M,2007
203,P00203,M,1965
204,P00204,M,1947
205,P00205,F,1985
206,P00206,F,1958
207,P00207,F,1988
208,P00208,F,1985
209,P00209,M,1988
210,P00210,F,2008
211,P00211,F,1949
212,P00212,F,1943
213,P00213,F,1967
214,P00214,F,1983
215,P00215,M,1949
216,P00216,F,1995
217,P00217,F,1995
218,P00218,F,1987
219,P00219,M,1994
220,P00220,M,1973
221,P00221,M,1984
222,P00222,F,1974
223,P00223,F,1948
224,P00224,F,1968
225,P00225,M,1981
226,P00226,F,1974
227,P00227,M,1971
228,P00228,F,1996
229,P00229,M,2006
230,P00230,F,1973
231,P00231,F,1989
232,P00232,F,1942
233,P00233,M,2003
234,P00234,M,1994
235,P00235,M,2005
236,P00236,F,2008
237,P00237,F,1976
238,P00238,M,1966
239,P00239,F,1975
240,P00240,M,2002
241,P00241,M,1950
242,P00242,F,1946
243,P00243,F,1956
244,P00244,M,1964
245,P00245,M,1942
246,P00246,F,1955
247,P00247,M,1967
248,P00248,F,1953
249,P00249,F,1995
250,P00250,M,1963
251,P00251,F,1976
252,P00252,F,1993
253,P00253,F,1979
254,P00254,F,1993
255,P00255,M,1952
256,P00256,F,1974
257,P00257,M,1972
258,P00258,F,1975
259,P00259,F,1944
260,P00260,F,1972
261,P00261,M,1990
262,P00262,F,1977
263,P00263,M,1967
264,P00264,M,1997
265,P00265,M,2004
266,P00266,M,1963
267,P00267,M,1976
268,P00268,F,1964
269,P00269,M,2005
270,P00270,F,2004
271,P00271,F,1985
272,P00272,F,1969
273,P00273,M,1958
274,P00274,F,1983
275,P00275,M,1950
276,P00276,F,1994
277,P00277,F,1994
278,P00278,M,1953
279,P00279,F,1940
280,P00280,F,1951
281,P00281,F,1978
282,P00282,F,1954
283,P00283,F,1973
284,P00284,M,1962
285,P00285,F,1951
286,P00286,F,1981
287,P00287,F,1967
288,P00288,M,1991
289,P00289,M,2004
290,P00290,F,1996
291,P00291,M,2001
292,P00292,M,1967
293,P00293,M,1956
294,P00294,F,1981
295,P00295,F,1966
296,P00296,M,2000
297,P00297,F,1984
298,P00298,F,2006
299,P00299,M,1942
300,P00300,F,1984
301,P00301,F,1956
302,P00302,M,1945
303,P00303,F,2008
304,P00304,M,1977
305,P00305,M,1962
306,P00306,M,1952
307,P00307,M,1944
308,P00308,M,1994
309,P00309,F,1960
310,P00310,F,1962
311,P00311,F,2000
312,P00312,M,1994
313,P00313,M,1987
314,P00314,M,1973
315,P00315,F,1966
316,P00316,M,1957
317,P00317,F,1973
318,P00318,F,1940
319,P00319,M,1989
320,P00320,M,1970
321,P00321,F,1977
322,P00322,M,1992
323,P00323,F,1957
324,P00324,F,1976
325,P00325,F,2010
326,P00326,M,1958
327,P00327,F,1992
328,P00328,F,1973
329,P00329,M,1995
330,P00330,M,1951
331,P00331,M,1943
332,P00332,M,1969
333,P00333,M,1948
334,P00334,M,1978
335,P00335,F,2004
336,P00336,F,1956
337,P00337,M,1948
338,P00338,M,1956
339,P00339,M,2008
340,P00340,F,1948
341,P00341,F,1967
342,P00342,F,1997
343,P00343,F,2007
344,P00344,M,2003
345,P00345,F,1967
346,P00346,F,1968
347,P00347,F,1995
348,P00348,F,1956
349,P00349,M,1976
350,P00350,F,1944
351,P00351,M,1947
352,P00352,F,1971
353,P00353,M,1987
354,P00354,M,1957
355,P00355,M,1984
356,P00356,F,1944
357,P00357,M,1987
358,P00358,F,1993
359,P00359,M,1962
360,P00360,M,2001
361,P00361,F,1989
362,P00362,M,1973
363,P00363,M,2001
364,P00364,F,1962
365,P00365,F,1972
366,P00366,F,1962
367,P00367,F,1960
368,P00368,F,1978
369,P00369,M,1981
370,P00370,M,1985
371,P00371,M,1960
372,P00372,M,1987
373,P00373,F,1940
374,P00374,F,2010
375,P00375,M,1999
376,P00376,M,2001
377,P00377,M,1962
378,P00378,M,1958
379,P00379,F,2004
380,P00380,M,1959
381,P00381,M,1967
382,P00382,F,1990
383,P00383,M,1994
384,P00384,M,1982
385,P00385,F,1948
386,P00386,F,1968
387,P00387,F,1989
388,P00388,F,1971
389,P00389,M,1969
390,P00390,M,1950
391,P00391,F,1947
392,P00392,F,1951
393,P00393,M,1988
394,P00394,F,1973
395,P00395,M,1983
396,P00396,F,1963
397,P00397,M,1995
398,P00398,M,1975
399,P00399,F,1958
400,P00400,M,1987
401,P00401,F,2001
402,P00402,M,1999
403,P00403,F,1998
404,P00404,M,1978
405,P00405,M,1999
406,P00406,F,2001
407,P00407,F,1998
408,P00408,F,1955
409,P00409,M,2002
410,P00410,F,1988
411,P00411,M,1980
412,P00412,F,1965
413,P00413,F,1955
414,P00414,M,2009
415,P00415,F,1954
416,P00416,F,1964
417,P00417,F,1968
418,P00418,M,1942
419,P00419,M,1947
420,P00420,F,1965
421,P00421,F,1964
422,P00422,F,1966
423,P00423,F,2006
424,P00424,F,1963
425,P00425,M,1973
426,P00426,M,1985
427,P00427,M,1984
428,P00428,M,1971
429,P00429,M,1942
430,P00430,M,1953
431,P00431,F,1945
432,P00432,F,1991
433,P00433,M,1987
434,P00434,M,1963
435,P00435,M,1982
436,P00436,M,2001
437,P00437,M,1941
438,P00438,M,1943
439,P00439,M,2008
440,P00440,F,1982
441,P00441,F,1943
442,P00442,M,1987
443,P00443,F,1962
444,P00444,M,1985
445,P00445,M,1983
446,P00446,M,1980
447,P00447,M,1989
448,P00448,F,1969
449,P00449,M,2008
450,P00450,F,1951
451,P00451,M,1949
452,P00452,F,1965
453,P00453,F,1984
454,P00454,M,1981
455,P00455,F,1971
456,P00456,F,1956
457,P00457,M,1990
458,P00458,F,1940
459,P00459,M,1980
460,P00460,F,1988
461,P00461,M,2003
462,P00462,F,1961
463,P00463,F,1947
464,P00464,F,1944
465,P00465,M,1985
466,P00466,M,1958
467,P00467,F,1957
468,P00468,M,1985
469,P00469,M,1971
470,P00470,M,1970
471,P00471,F,1971
472,P00472,M,1995
473,P00473,F,1950
474,P00474,F,1940
475,P00475,F,1980
476,P00476,M,1989
477,P00477,M,1957
478,P00478,F,1967
479,P00479,M,2005
480,P00480,M,1975
481,P00481,M,1965
482,P00482,M,1969
483,P00483,M,2006
484,P00484,F,1967
485,P00485,M,1999
486,P00486,F,1952
487,P00487,F,1962
488,P00488,F,1965
489,P00489,M,1995
490,P00490,F,1949
491,P00491,F,1961
492,P00492,F,1971
493,P00493,F,1955
494,P00494,F,1948
495,P00495,F,1942
496,P00496,M,1987
497,P00497,M,1962
498,P00498,M,1989
499,P00499,F,1994
500,P00500,F,2000
501,P00501,F,2005
502,P00502,M,1981
503,P00503,F,1985
504,P00504,F,1979
505,P00505,M,1945
506,P00506,F,1965
507,P00507,F,2005
508,P00508,M,1970
509,P00509,M,1954
510,P00510,M,2010
511,P00511,M,1967
512,P00512,F,1944
513,P00513,F,2001
514,P00514,F,1963
515,P00515,F,1956
516,P00516,F,1994
517,P00517,F,1973
518,P00518,F,1970
519,P00519,F,2006
520,P00520,F,1996
521,P00521,M,1974
522,P00522,M,2006
523,P00523,M,1956
524,P00524,M,2008
525,P00525,M,2001
526,P00526,F,2005
527,P00527,F,1957
528,P00528,F,1948
529,P00529,F,1970
530,P00530,F,2007
531,P00531,M,1977
532,P00532,F,1976
533,P00533,M,1963
534,P00534,M,1946
535,P00535,F,1965
536,P00536,M,1986
537,P00537,F,1959
538,P00538,M,1984
539,P00539,M,1961
540,P00540,M,1987
541,P00541,F,1966
542,P00542,M,1975
543,P00543,F,2004
544,P00544,F,2001
545,P00545,F,2000
546,P00546,M,1972
547,P00547,M,1962
548,P00548,F,1978
549,P00549,F,2006
550,P00550,M,1975
551,P00551,F,1986
552,P00552,F,1988
553,P00553,F,2008
554,P00554,M,1951
555,P00555,F,1989
556,P00556,F,2008
557,P00557,M,1964
558,P00558,F,1943
559,P00559,F,2001
560,P00560,F,1995
561,P00561,M,2004
562,P00562,M,2006
563,P00563,M,1940
564,P00564,F,1998
565,P00565,M,1971
566,P00566,M,1981
567,P00567,F,1943
568,P00568,F,1960
569,P00569,F,1976
570,P00570,F,1969
571,P00571,M,1945
572,P00572,M,1967
573,P00573,M,1999
574,P00574,M,1947
575,P00575,F,1966
576,P00576,F,1950
577,P00577,M,1963
578,P00578,M,1958
579,P00579,F,1994
580,P00580,M,1953
581,P00581,F,1948
582,P00582,M,2002
583,P00583,F,1969
584,P00584,F,1948
585,P00585,M,1971
586,P00586,M,2000
587,P00587,F,1982
588,P00588,M,1981
589,P00589,F,1997
590,P00590,F,1969
591,P00591,F,1992
592,P00592,M,2001
593,P00593,M,1987
594,P00594,M,1984
595,P00595,F,2005
596,P00596,F,1967
597,P00597,M,2006
598,P00598,F,1996
599,P00599,M,2008
600,P00600,F,1967
