MRN,BirthDate,Sex,SourceSystem
100001,1985-06-15,F,clarity_inpatient
100001,1946-06-15,M,claims
100002,1960-06-15,F,clarity_inpatient
100002,1953-06-15,F,claims
100003,1988-06-15,F,clarity_inpatient
100003,1982-06-15,M,claims
100004,1947-06-15,F,clarity_inpatient
100004,1950-06-15,F,claims
100005,1959-06-15,F,clarity_inpatient
100005,1980-06-15,F,claims
100006,1990-06-15,M,clarity_inpatient
100006,1959-06-15,M,claims
100007,1982-06-15,M,clarity_inpatient
100007,1996-06-15,F,claims
100008,1993-06-15,F,clarity_inpatient
100008,1989-06-15,M,claims
100009,1966-06-15,M,clarity_inpatient
100009,1954-06-15,F,claims
100010,1993-06-15,M,clarity_inpatient
100010,1951-06-15,F,claims
100011,1969-06-15,F,clarity_inpatient
100011,1967-06-15,M,claims
100012,1983-06-15,M,clarity_inpatient
100012,1996-06-15,F,claims
100013,1991-06-15,M,clarity_inpatient
100013,1979-06-15,F,claims
100014,1969-06-15,F,clarity_inpatient
100014,1980-06-15,M,claims
100015,1998-06-15,M,clarity_inpatient
100015,1981-06-15,F,claims
100016,1990-06-15,F,clarity_inpatient
100016,1947-06-15,F,claims
100017,1994-06-15,M,clarity_inpatient
100017,1950-06-15,F,claims
100018,2000-06-15,F,clarity_inpatient
100018,1969-06-15,M,claims
100019,1974-06-15,M,clarity_inpatient
100019,1955-06-15,M,claims
100020,1967-06-15,F,clarity_inpatient
100020,1987-06-15,M,claims
100021,1989-06-15,F,clarity_inpatient
100021,1983-06-15,F,claims
100022,1979-06-15,F,clarity_inpatient
100022,1955-06-15,M,claims
100023,1969-06-15,M,clarity_inpatient
100023,1985-06-15,F,claims
100024,1988-06-15,M,clarity_inpatient
100024,1998-06-15,F,claims
100025,1959-06-15,F,clarity_inpatient
100025,1996-06-15,M,claims
100026,1970-06-15,M,clarity_inpatient
100026,1949-06-15,F,claims
100027,1981-06-15,M,clarity_inpatient
100027,1958-06-15,M,claims
100028,1970-06-15,M,clarity_inpatient
100028,1954-06-15,M,claims
100029,1953-06-15,F,clarity_inpatient
100029,1992-06-15,M,claims
100030,1992-06-15,M,clarity_inpatient
100030,1982-06-15,M,claims
100031,1968-06-15,F,clarity_inpatient
100031,1953-06-15,M,claims
100032,1950-06-15,F,clarity_inpatient
100032,2000-06-15,F,claims
100033,1954-06-15,F,clarity_inpatient
100033,1995-06-15,M,claims
100034,1983-06-15,F,clarity_inpatient
100034,1969-06-15,M,claims
100035,1983-06-15,M,clarity_inpatient
100035,1978-06-15,M,claims
100036,1980-06-15,F,clarity_inpatient
100036,1988-06-15,F,claims
100037,1988-06-15,M,clarity_inpatient
100037,1994-06-15,M,claims
100038,1952-06-15,M,clarity_inpatient
100038,1972-06-15,F,claims
100039,1974-06-15,F,clarity_inpatient
100039,1991-06-15,M,claims
100040,1977-06-15,F,clarity_inpatient
100040,1977-06-15,F,claims
100041,2000-06-15,M,clarity_inpatient
100042,1998-06-15,F,clarity_inpatient
100043,1954-06-15,M,clarity_inpatient
100044,1993-06-15,F,clarity_inpatient
100045,1979-06-15,F,clarity_inpatient
100046,1983-06-15,M,clarity_inpatient
100047,1976-06-15,F,clarity_inpatient
100048,1952-06-15,M,clarity_inpatient
100049,1998-06-15,M,clarity_inpatient
100050,1960-06-15,F,clarity_inpatient
100051,1960-06-15,F,clarity_inpatient
100052,1950-06-15,M,clarity_inpatient
100053,1997-06-15,F,clarity_inpatient
100054,1993-06-15,F,clarity_inpatient
100055,1953-06-15,M,clarity_inpatient
100056,1980-06-15,F,clarity_inpatient
100057,1961-06-15,M,clarity_inpatient
100058,1958-06-15,F,clarity_inpatient
100059,1990-06-15,M,clarity_inpatient
100060,1970-06-15,M,clarity_inpatient
100061,1973-06-15,M,clarity_inpatient
100062,1952-06-15,F,clarity_inpatient
100063,1959-06-15,F,clarity_inpatient
100064,1966-06-15,F,clarity_inpatient
100065,1982-06-15,F,clarity_inpatient
100066,1982-06-15,F,clarity_inpatient
100067,1945-06-15,F,clarity_inpatient
100068,1990-06-15,F,clarity_inpatient
100069,1959-06-15,F,clarity_inpatient
100070,1947-06-15,M,clarity_inpatient
100071,1949-06-15,F,clarity_inpatient
100072,1962-06-15,M,clarity_inpatient
100073,1958-06-15,F,clarity_inpatient
100074,1991-06-15,M,clarity_inpatient
100075,1960-06-15,M,clarity_inpatient
100076,1996-06-15,M,clarity_inpatient
100077,1957-06-15,F,clarity_inpatient
100078,1951-06-15,M,clarity_inpatient
100079,1967-06-15,M,clarity_inpatient
100080,1971-06-15,M,clarity_inpatient
100081,2000-06-15,F,clarity_inpatient
100082,1988-06-15,F,clarity_inpatient
100083,1948-06-15,M,clarity_inpatient
100084,1991-06-15,M,clarity_inpatient
100085,1996-06-15,F,clarity_inpatient
100086,1960-06-15,F,clarity_inpatient
100087,1957-06-15,M,clarity_inpatient
100088,1953-06-15,M,clarity_inpatient
100089,1956-06-15,M,clarity_inpatient
100090,1974-06-15,F,clarity_inpatient
100091,2000-06-15,F,clarity_inpatient
100092,1973-06-15,F,clarity_inpatient
100093,1948-06-15,F,clarity_inpatient
100094,1950-06-15,F,clarity_inpatient
100095,1955-06-15,M,clarity_inpatient
100096,1976-06-15,M,clarity_inpatient
100097,1958-06-15,M,clarity_inpatient
100098,1948-06-15,F,clarity_inpatient
100099,1969-06-15,F,clarity_inpatient
100100,1969-06-15,M,clarity_inpatient
100101,1995-06-15,M,clarity_inpatient
100102,1963-06-15,M,clarity_inpatient
100103,1989-06-15,M,clarity_inpatient
100104,1954-06-15,F,clarity_inpatient
100105,1963-06-15,F,clarity_inpatient
100106,1948-06-15,F,clarity_inpatient
100107,1992-06-15,M,clarity_inpatient
100108,1948-06-15,F,clarity_inpatient
100109,1982-06-15,M,clarity_inpatient
100110,1977-06-15,F,clarity_inpatient
100111,1948-06-15,F,clarity_inpatient
100112,1999-06-15,F,clarity_inpatient
100113,1949-06-15,F,clarity_inpatient
100114,1988-06-15,F,clarity_inpatient
100115,1970-06-15,F,clarity_inpatient
100116,1981-06-15,F,clarity_inpatient
100117,1982-06-15,F,clarity_inpatient
100118,1984-06-15,F,clarity_inpatient
100119,1971-06-15,M,clarity_inpatient
100120,1961-06-15,F,clarity_inpatient
100121,1987-06-15,M,clarity_inpatient
100122,1960-06-15,M,clarity_inpatient
100123,1970-06-15,F,clarity_inpatient
100124,1987-06-15,M,clarity_inpatient
100125,1974-06-15,M,clarity_inpatient
100126,1993-06-15,F,clarity_inpatient
100127,1945-06-15,M,clarity_inpatient
100128,1984-06-15,F,clarity_inpatient
100129,1949-06-15,F,clarity_inpatient
100130,1977-06-15,M,clarity_inpatient
100131,1953-06-15,M,clarity_inpatient
100132,1949-06-15,F,clarity_inpatient
100133,1968-06-15,M,clarity_inpatient
100134,1955-06-15,M,clarity_inpatient
100135,1998-06-15,M,clarity_inpatient
100136,1984-06-15,F,clarity_inpatient
100137,1987-06-15,M,clarity_inpatient
100138,1987-06-15,F,clarity_inpatient
100139,1953-06-15,M,clarity_inpatient
100140,1952-06-15,F,clarity_inpatient
100141,1992-06-15,F,clarity_inpatient
100142,1962-06-15,M,clarity_inpatient
100143,1983-06-15,F,clarity_inpatient
100144,1990-06-15,M,clarity_inpatient
100145,1958-06-15,M,clarity_inpatient
100146,1977-06-15,M,clarity_inpatient
100147,1961-06-15,F,clarity_inpatient
100148,1950-06-15,M,clarity_inpatient
100149,1998-06-15,M,clarity_inpatient
100150,1947-06-15,F,clarity_inpatient
100151,1966-06-15,F,clarity_inpatient
100152,1985-06-15,M,clarity_inpatient
100153,1955-06-15,M,clarity_inpatient
100154,1980-06-15,M,clarity_inpatient
100155,1980-06-15,F,clarity_inpatient
100156,1952-06-15,F,clarity_inpatient
100157,1989-06-15,F,clarity_inpatient
100158,1979-06-15,F,clarity_inpatient
100159,1998-06-15,M,clarity_inpatient
100160,1982-06-15,F,clarity_inpatient
100161,1972-06-15,F,clarity_inpatient
100162,1947-06-15,M,clarity_inpatient
100163,1968-06-15,F,clarity_inpatient
100164,1967-06-15,F,clarity_inpatient
100165,1988-06-15,F,clarity_inpatient
100166,1987-06-15,F,clarity_inpatient
100167,1967-06-15,M,clarity_inpatient
100168,1984-06-15,F,clarity_inpatient
100169,1960-06-15,F,clarity_inpatient
100170,1996-06-15,F,clarity_inpatient
100171,1971-06-15,F,clarity_inpatient
100172,1956-06-15,M,clarity_inpatient
100173,1995-06-15,M,clarity_inpatient
100174,1996-06-15,F,clarity_inpatient
100175,1962-06-15,F,clarity_inpatient
100176,1995-06-15,F,clarity_inpatient
100177,1969-06-15,F,clarity_inpatient
100178,1999-06-15,M,clarity_inpatient
100179,1959-06-15,F,clarity_inpatient
100180,1997-06-15,M,clarity_inpatient
100181,1967-06-15,M,clarity_inpatient
100182,1997-06-15,F,clarity_inpatient
100183,1959-06-15,F,clarity_inpatient
100184,1987-06-15,F,clarity_inpatient
100185,1970-06-15,M,clarity_inpatient
100186,1962-06-15,F,clarity_inpatient
100187,1994-06-15,M,clarity_inpatient
100188,1967-06-15,M,clarity_inpatient
100189,1988-06-15,M,clarity_inpatient
100190,1946-06-15,F,clarity_inpatient
100191,1961-06-15,F,clarity_inpatient
100192,1982-06-15,M,clarity_inpatient
100193,1947-06-15,F,clarity_inpatient
100194,1983-06-15,M,clarity_inpatient
100195,1967-06-15,M,clarity_inpatient
100196,1972-06-15,F,clarity_inpatient
100197,1969-06-15,F,clarity_inpatient
100198,1961-06-15,F,clarity_inpatient
100199,1990-06-15,M,clarity_inpatient
100200,1945-06-15,F,clarity_inpatient
100201,1968-06-15,M,clarity_inpatient
100202,1949-06-15,M,clarity_inpatient
100203,1984-06-15,M,clarity_inpatient
100204,1987-06-15,F,clarity_inpatient
100205,1991-06-15,M,clarity_inpatient
100206,1977-06-15,M,clarity_inpatient
100207,1987-06-15,M,clarity_inpatient
100208,1965-06-15,M,clarity_inpatient
100209,1989-06-15,M,clarity_inpatient
100210,1980-06-15,F,clarity_inpatient
100211,1957-06-15,M,clarity_inpatient
100212,1987-06-15,M,clarity_inpatient
100213,1988-06-15,F,clarity_inpatient
100214,1984-06-15,M,clarity_inpatient
100215,1970-06-15,F,clarity_inpatient
100216,1964-06-15,M,clarity_inpatient
100217,1958-06-15,M,clarity_inpatient
100218,1995-06-15,M,clarity_inpatient
100219,1974-06-15,M,clarity_inpatient
100220,1973-06-15,F,clarity_inpatient
100221,1977-06-15,M,clarity_inpatient
100222,1995-06-15,F,clarity_inpatient
100223,1987-06-15,F,clarity_inpatient
100224,1963-06-15,M,clarity_inpatient
100225,1950-06-15,F,clarity_inpatient
100226,1988-06-15,M,clarity_inpatient
100227,1959-06-15,F,clarity_inpatient
100228,1954-06-15,F,clarity_inpatient
100229,1947-06-15,F,clarity_inpatient
100230,1975-06-15,F,clarity_inpatient
100231,1974-06-15,M,clarity_inpatient
100232,1985-06-15,F,clarity_inpatient
100233,1990-06-15,M,clarity_inpatient
100234,1976-06-15,M,clarity_inpatient
100235,1960-06-15,F,clarity_inpatient
100236,1986-06-15,F,clarity_inpatient
100237,1993-06-15,F,clarity_inpatient
100238,1994-06-15,M,clarity_inpatient
100239,1959-06-15,F,clarity_inpatient
100240,1996-06-15,M,clarity_inpatient
100241,1948-06-15,F,clarity_inpatient
100242,1999-06-15,F,clarity_inpatient
100243,1974-06-15,F,clarity_inpatient
100244,1996-06-15,M,clarity_inpatient
100245,1987-06-15,M,clarity_inpatient
100246,1993-06-15,M,clarity_inpatient
100247,1984-06-15,M,clarity_inpatient
100248,1998-06-15,M,clarity_inpatient
100249,1955-06-15,M,clarity_inpatient
100250,1973-06-15,M,clarity_inpatient
100251,1993-06-15,F,clarity_inpatient
100252,1998-06-15,M,clarity_inpatient
100253,1994-06-15,M,clarity_inpatient
100254,1985-06-15,F,clarity_inpatient
100255,1962-06-15,M,clarity_inpatient
100256,1949-06-15,M,clarity_inpatient
100257,1960-06-15,M,clarity_inpatient
100258,1966-06-15,M,clarity_inpatient
100259,1979-06-15,F,clarity_inpatient
100260,1953-06-15,F,clarity_inpatient
100261,1959-06-15,M,clarity_inpatient
100262,1989-06-15,F,clarity_inpatient
100263,1990-06-15,F,clarity_inpatient
100264,1949-06-15,M,clarity_inpatient
100265,1971-06-15,M,clarity_inpatient
100266,1979-06-15,M,clarity_inpatient
100267,1971-06-15,F,clarity_inpatient
100268,1958-06-15,M,clarity_inpatient
100269,1969-06-15,F,clarity_inpatient
100270,1999-06-15,M,clarity_inpatient
100271,1975-06-15,F,clarity_inpatient
100272,1967-06-15,M,clarity_inpatient
100273,1993-06-15,M,clarity_inpatient
100274,1999-06-15,M,clarity_inpatient
100275,1979-06-15,F,clarity_inpatient
100276,1976-06-15,F,clarity_inpatient
100277,1962-06-15,M,clarity_inpatient
100278,1976-06-15,F,clarity_inpatient
100279,1969-06-15,M,clarity_inpatient
100280,1987-06-15,M,clarity_inpatient
100281,1991-06-15,F,clarity_inpatient
100282,1998-06-15,M,clarity_inpatient
100283,1953-06-15,F,clarity_inpatient
100284,1970-06-15,F,clarity_inpatient
100285,1950-06-15,M,clarity_inpatient
100286,1953-06-15,M,clarity_inpatient
100287,1956-06-15,F,clarity_inpatient
100288,1961-06-15,M,clarity_inpatient
100289,1965-06-15,F,clarity_inpatient
100290,1974-06-15,M,clarity_inpatient
100291,1966-06-15,M,clarity_inpatient
100292,1962-06-15,M,clarity_inpatient
100293,1961-06-15,F,clarity_inpatient
100294,1975-06-15,F,clarity_inpatient
100295,1992-06-15,F,clarity_inpatient
100296,1967-06-15,F,clarity_inpatient
100297,1986-06-15,F,clarity_inpatient
100298,1994-06-15,F,clarity_inpatient
100299,1993-06-15,F,clarity_inpatient
100300,1960-06-15,F,clarity_inpatient
