AdminEventKey,EncounterKey,PatientDurableKey,Medication,AdminTs,Dose
ADM-000001,ENC-00002,PDK-100084,metformin,2024-06-09 21:00:00,500mg
ADM-000002,ENC-00003,PDK-100062,heparin,2024-10-16 21:00:00,2mg
ADM-000003,ENC-00003,PDK-100062,lisinopril,2024-10-16 14:00:00,10mg
ADM-000004,ENC-00003,PDK-100062,heparin,2024-10-16 20:00:00,2mg
ADM-000005,ENC-00004,PDK-100239,heparin,2024-08-11 15:00:00,2mg
ADM-000006,ENC-00004,PDK-100239,heparin,2024-08-14 22:00:00,2mg
ADM-000007,ENC-00004,PDK-100239,lisinopril,2024-08-18 14:00:00,500mg
ADM-000008,ENC-00006,PDK-100124,heparin,2024-08-03 02:00:00,500mg
ADM-000009,ENC-00008,PDK-100099,metformin,2024-06-10 13:00:00,500mg
ADM-000010,ENC-00008,PDK-100099,lisinopril,2024-06-11 00:00:00,10mg
ADM-000011,ENC-00009,PDK-100155,metformin,2024-01-08 07:00:00,500mg
ADM-000012,ENC-00009,PDK-100155,ondansetron,2024-01-18 06:00:00,2mg
ADM-000013,ENC-00009,PDK-100155,heparin,2024-01-11 23:00:00,5mg
ADM-000014,ENC-00011,PDK-100128,ondansetron,2024-03-04 07:00:00,5mg
ADM-000015,ENC-00011,PDK-100128,metformin,2024-03-09 04:00:00,10mg
ADM-000016,ENC-00012,PDK-100109,metformin,2024-05-23 18:00:00,2mg
ADM-000017,ENC-00013,PDK-100241,ondansetron,2024-05-29 04:00:00,10mg
ADM-000018,ENC-00014,PDK-100077,ondansetron,2024-05-16 16:00:00,2mg
ADM-000019,ENC-00014,PDK-100077,heparin,2024-05-18 04:00:00,500mg
ADM-000020,ENC-00015,PDK-100257,heparin,2024-10-09 11:00:00,500mg
ADM-000021,ENC-00015,PDK-100257,metformin,2024-10-04 00:00:00,10mg
ADM-000022,ENC-00015,PDK-100257,metformin,2024-10-10 05:00:00,500mg
ADM-000023,ENC-00016,PDK-100296,ondansetron,2024-01-22 19:00:00,500mg
ADM-000024,ENC-00016,PDK-100296,metformin,2024-01-21 21:00:00,500mg
ADM-000025,ENC-00017,PDK-100211,heparin,2024-09-11 18:00:00,5mg
ADM-000026,ENC-00017,PDK-100211,ondansetron,2024-09-14 15:00:00,5mg
ADM-000027,ENC-00018,PDK-100278,metformin,2024-08-26 05:00:00,500mg
ADM-000028,ENC-00018,PDK-100278,lisinopril,2024-08-27 02:00:00,2mg
ADM-000029,ENC-00018,PDK-100278,ondansetron,2024-08-25 08:00:00,5mg
ADM-000030,ENC-00019,PDK-100123,heparin,2024-03-24 06:00:00,2mg
ADM-000031,ENC-00019,PDK-100123,ondansetron,2024-03-23 08:00:00,2mg
ADM-000032,ENC-00020,PDK-100283,metformin,2024-03-18 01:00:00,500mg
ADM-000033,ENC-00020,PDK-100283,ondansetron,2024-03-16 15:00:00,2mg
ADM-000034,ENC-00022,PDK-100163,metformin,2024-09-10 06:00:00,2mg
ADM-000035,ENC-00022,PDK-100163,metformin,2024-09-02 02:00:00,2mg
ADM-000036,ENC-00022,PDK-100163,lisinopril,2024-08-31 15:00:00,2mg
ADM-000037,ENC-00023,PDK-100136,heparin,2024-06-28 17:00:00,2mg
ADM-000038,ENC-00023,PDK-100136,metformin,2024-06-28 15:00:00,5mg
ADM-000039,ENC-00023,PDK-100136,lisinopril,2024-06-28 18:00:00,500mg
ADM-000040,ENC-00024,PDK-100117,metformin,2024-02-16 12:00:00,500mg
ADM-000041,ENC-00024,PDK-100117,metformin,2024-02-19 04:00:00,500mg
ADM-000042,ENC-00025,PDK-100192,ondansetron,2024-08-08 19:00:00,10mg
ADM-000043,ENC-00026,PDK-100237,metformin,2024-05-14 18:00:00,500mg
ADM-000044,ENC-00027,PDK-100154,heparin,2024-08-11 08:00:00,5mg
ADM-000045,ENC-00027,PDK-100154,ondansetron,2024-08-10 21:00:00,5mg
ADM-000046,ENC-00028,PDK-100290,lisinopril,2024-02-01 17:00:00,5mg
ADM-000047,ENC-00028,PDK-100290,metformin,2024-01-29 08:00:00,2mg
ADM-000048,ENC-00029,PDK-100018,lisinopril,2024-10-25 04:00:00,10mg
ADM-000049,ENC-00029,PDK-100018,heparin,2024-10-28 16:00:00,500mg
ADM-000050,ENC-00029,PDK-100018,lisinopril,2024-10-25 18:00:00,2mg
ADM-000051,ENC-00030,PDK-100152,heparin,2024-06-22 06:00:00,2mg
ADM-000052,ENC-00030,PDK-100152,metformin,2024-06-22 17:00:00,5mg
ADM-000053,ENC-00030,PDK-100152,ondansetron,2024-06-23 00:00:00,500mg
ADM-000054,ENC-00032,PDK-100288,ondansetron,2024-06-17 06:00:00,10mg
ADM-000055,ENC-00032,PDK-100288,metformin,2024-06-16 10:00:00,500mg
ADM-000056,ENC-00033,PDK-100253,lisinopril,2024-03-01 03:00:00,5mg
ADM-000057,ENC-00033,PDK-100253,ondansetron,2024-03-01 16:00:00,2mg
ADM-000058,ENC-00033,PDK-100253,heparin,2024-02-29 03:00:00,500mg
ADM-000059,ENC-00034,PDK-100112,heparin,2024-08-17 01:00:00,5mg
ADM-000060,ENC-00034,PDK-100112,ondansetron,2024-08-16 00:00:00,10mg
ADM-000061,ENC-00034,PDK-100112,metformin,2024-08-15 13:00:00,500mg
ADM-000062,ENC-00035,PDK-100125,lisinopril,2024-03-08 13:00:00,10mg
ADM-000063,ENC-00036,PDK-100002,lisinopril,2024-05-22 18:00:00,5mg
ADM-000064,ENC-00036,PDK-100002,lisinopril,2024-05-22 10:00:00,5mg
ADM-000065,ENC-00037,PDK-100065,metformin,2024-08-07 20:00:00,10mg
ADM-000066,ENC-00037,PDK-100065,metformin,2024-08-10 19:00:00,500mg
ADM-000067,ENC-00038,PDK-100235,metformin,2024-01-16 05:00:00,500mg
ADM-000068,ENC-00039,PDK-100300,ondansetron,2024-10-16 16:00:00,10mg
ADM-000069,ENC-00040,PDK-100212,metformin,2024-06-23 00:00:00,5mg
ADM-000070,ENC-00040,PDK-100212,metformin,2024-06-26 15:00:00,5mg
ADM-000071,ENC-00040,PDK-100212,heparin,2024-06-23 10:00:00,5mg
ADM-000072,ENC-00042,PDK-100296,metformin,2024-09-19 06:00:00,500mg
ADM-000073,ENC-00042,PDK-100296,metformin,2024-09-17 00:00:00,500mg
ADM-000074,ENC-00042,PDK-100296,heparin,2024-09-17 20:00:00,500mg
ADM-000075,ENC-00045,PDK-100027,ondansetron,2024-03-22 09:00:00,2mg
ADM-000076,ENC-00045,PDK-100027,heparin,2024-03-21 04:00:00,5mg
ADM-000077,ENC-00045,PDK-100027,heparin,2024-03-22 08:00:00,5mg
ADM-000078,ENC-00048,PDK-100255,metformin,2024-08-10 11:00:00,5mg
ADM-000079,ENC-00048,PDK-100255,heparin,2024-08-10 07:00:00,2mg
ADM-000080,ENC-00048,PDK-100255,ondansetron,2024-08-09 14:00:00,5mg
ADM-000081,ENC-00051,PDK-100272,lisinopril,2024-09-21 12:00:00,5mg
ADM-000082,ENC-00052,PDK-100091,heparin,2024-09-15 08:00:00,5mg
ADM-000083,ENC-00052,PDK-100091,heparin,2024-09-14 10:00:00,5mg
ADM-000084,ENC-00054,PDK-100047,heparin,2024-09-22 11:00:00,2mg
ADM-000085,ENC-00057,PDK-100172,heparin,2024-02-06 08:00:00,2mg
ADM-000086,ENC-00058,PDK-100067,metformin,2024-02-14 23:00:00,500mg
ADM-000087,ENC-00058,PDK-100067,lisinopril,2024-02-14 04:00:00,500mg
ADM-000088,ENC-00060,PDK-100173,ondansetron,2024-03-08 12:00:00,2mg
ADM-000089,ENC-00061,PDK-100187,ondansetron,2024-05-04 01:00:00,2mg
ADM-000090,ENC-00061,PDK-100187,ondansetron,2024-05-02 18:00:00,10mg
ADM-000091,ENC-00061,PDK-100187,lisinopril,2024-05-03 17:00:00,5mg
ADM-000092,ENC-00062,PDK-100247,heparin,2024-07-13 20:00:00,10mg
ADM-000093,ENC-00063,PDK-100224,ondansetron,2024-02-16 11:00:00,500mg
ADM-000094,ENC-00064,PDK-100115,ondansetron,2024-01-19 19:00:00,5mg
ADM-000095,ENC-00065,PDK-100041,heparin,2024-01-10 16:00:00,5mg
ADM-000096,ENC-00067,PDK-100264,lisinopril,2024-10-24 14:00:00,5mg
ADM-000097,ENC-00067,PDK-100264,heparin,2024-10-21 09:00:00,5mg
ADM-000098,ENC-00067,PDK-100264,ondansetron,2024-10-23 13:00:00,5mg
ADM-000099,ENC-00069,PDK-100298,lisinopril,2024-06-19 18:00:00,5mg
ADM-000100,ENC-00069,PDK-100298,ondansetron,2024-06-19 05:00:00,500mg
ADM-000101,ENC-00069,PDK-100298,lisinopril,2024-06-19 06:00:00,10mg
ADM-000102,ENC-00070,PDK-100022,heparin,2024-06-10 16:00:00,500mg
ADM-000103,ENC-00070,PDK-100022,ondansetron,2024-06-14 18:00:00,2mg
ADM-000104,ENC-00071,PDK-100226,lisinopril,2024-07-21 20:00:00,500mg
ADM-000105,ENC-00071,PDK-100226,heparin,2024-07-17 03:00:00,5mg
ADM-000106,ENC-00071,PDK-100226,heparin,2024-07-19 04:00:00,500mg
ADM-000107,ENC-00072,PDK-100229,metformin,2024-08-06 10:00:00,2mg
ADM-000108,ENC-00072,PDK-100229,heparin,2024-08-08 18:00:00,10mg
ADM-000109,ENC-00073,PDK-100016,heparin,2024-03-17 21:00:00,2mg
ADM-000110,ENC-00074,PDK-100291,heparin,2024-01-23 23:00:00,500mg
ADM-000111,ENC-00074,PDK-100291,lisinopril,2024-01-18 06:00:00,5mg
ADM-000112,ENC-00074,PDK-100291,lisinopril,2024-01-22 08:00:00,2mg
ADM-000113,ENC-00075,PDK-100288,lisinopril,2024-03-05 20:00:00,2mg
ADM-000114,ENC-00075,PDK-100288,metformin,2024-03-05 08:00:00,500mg
ADM-000115,ENC-00075,PDK-100288,heparin,2024-03-04 19:00:00,5mg
ADM-000116,ENC-00077,PDK-100103,ondansetron,2024-03-14 23:00:00,10mg
ADM-000117,ENC-00077,PDK-100103,metformin,2024-03-12 09:00:00,500mg
ADM-000118,ENC-00078,PDK-100204,lisinopril,2024-09-10 21:00:00,10mg
ADM-000119,ENC-00078,PDK-100204,lisinopril,2024-09-06 15:00:00,5mg
ADM-000120,ENC-00079,PDK-100064,heparin,2024-09-22 11:00:00,500mg
ADM-000121,ENC-00079,PDK-100064,lisinopril,2024-09-24 23:00:00,500mg
ADM-000122,ENC-00080,PDK-100065,metformin,2024-06-12 20:00:00,5mg
ADM-000123,ENC-00080,PDK-100065,metformin,2024-06-04 12:00:00,500mg
ADM-000124,ENC-00081,PDK-100108,ondansetron,2024-10-19 19:00:00,5mg
ADM-000125,ENC-00081,PDK-100108,lisinopril,2024-10-23 17:00:00,2mg
ADM-000126,ENC-00082,PDK-100248,lisinopril,2024-08-27 00:00:00,5mg
ADM-000127,ENC-00082,PDK-100248,heparin,2024-08-26 07:00:00,2mg
ADM-000128,ENC-00082,PDK-100248,metformin,2024-08-26 11:00:00,2mg
ADM-000129,ENC-00083,PDK-100127,lisinopril,2024-03-13 11:00:00,2mg
ADM-000130,ENC-00083,PDK-100127,ondansetron,2024-03-14 08:00:00,500mg
ADM-000131,ENC-00084,PDK-100255,heparin,2024-01-13 11:00:00,5mg
ADM-000132,ENC-00084,PDK-100255,metformin,2024-01-13 04:00:00,10mg
ADM-000133,ENC-00084,PDK-100255,heparin,2024-01-13 23:00:00,500mg
ADM-000134,ENC-00085,PDK-100207,heparin,2024-07-06 18:00:00,500mg
ADM-000135,ENC-00086,PDK-100038,heparin,2024-07-24 02:00:00,10mg
ADM-000136,ENC-00086,PDK-100038,lisinopril,2024-07-22 11:00:00,2mg
ADM-000137,ENC-00087,PDK-100257,lisinopril,2024-01-21 11:00:00,500mg
ADM-000138,ENC-00089,PDK-100189,metformin,2024-06-28 06:00:00,10mg
ADM-000139,ENC-00092,PDK-100071,heparin,2024-09-25 07:00:00,2mg
ADM-000140,ENC-00092,PDK-100071,lisinopril,2024-09-23 08:00:00,500mg
ADM-000141,ENC-00093,PDK-100286,heparin,2024-06-01 16:00:00,2mg
ADM-000142,ENC-00093,PDK-100286,ondansetron,2024-06-02 21:00:00,10mg
ADM-000143,ENC-00094,PDK-100149,heparin,2024-01-22 18:00:00,5mg
ADM-000144,ENC-00094,PDK-100149,lisinopril,2024-01-23 08:00:00,5mg
ADM-000145,ENC-00095,PDK-100272,ondansetron,2024-04-27 04:00:00,10mg
ADM-000146,ENC-00095,PDK-100272,metformin,2024-04-28 09:00:00,2mg
ADM-000147,ENC-00096,PDK-100244,metformin,2024-09-04 18:00:00,2mg
ADM-000148,ENC-00099,PDK-100170,lisinopril,2024-04-01 16:00:00,2mg
ADM-000149,ENC-00100,PDK-100264,heparin,2024-06-16 16:00:00,5mg
ADM-000150,ENC-00100,PDK-100264,heparin,2024-06-17 01:00:00,10mg
ADM-000151,ENC-00100,PDK-100264,ondansetron,2024-06-16 18:00:00,500mg
ADM-000152,ENC-00101,PDK-100155,lisinopril,2024-11-02 16:00:00,500mg
ADM-000153,ENC-00101,PDK-100155,metformin,2024-10-31 08:00:00,500mg
ADM-000154,ENC-00102,PDK-100114,lisinopril,2024-04-23 08:00:00,5mg
ADM-000155,ENC-00102,PDK-100114,ondansetron,2024-04-24 20:00:00,500mg
ADM-000156,ENC-00102,PDK-100114,metformin,2024-04-22 15:00:00,5mg
ADM-000157,ENC-00103,PDK-100281,ondansetron,2024-09-15 12:00:00,2mg
ADM-000158,ENC-00104,PDK-100029,heparin,2024-08-20 01:00:00,10mg
ADM-000159,ENC-00104,PDK-100029,metformin,2024-08-20 06:00:00,2mg
ADM-000160,ENC-00104,PDK-100029,heparin,2024-08-20 09:00:00,5mg
ADM-000161,ENC-00105,PDK-100036,metformin,2024-08-29 22:00:00,10mg
ADM-000162,ENC-00105,PDK-100036,heparin,2024-08-29 04:00:00,10mg
ADM-000163,ENC-00105,PDK-100036,ondansetron,2024-08-29 17:00:00,10mg
ADM-000164,ENC-00106,PDK-100115,heparin,2024-01-02 07:00:00,5mg
ADM-000165,ENC-00108,PDK-100229,heparin,2024-01-28 02:00:00,500mg
ADM-000166,ENC-00109,PDK-100122,metformin,2024-06-04 21:00:00,2mg
ADM-000167,ENC-00109,PDK-100122,heparin,2024-06-05 06:00:00,2mg
ADM-000168,ENC-00109,PDK-100122,lisinopril,2024-06-04 15:00:00,2mg
ADM-000169,ENC-00110,PDK-100095,ondansetron,2024-10-07 23:00:00,10mg
ADM-000170,ENC-00110,PDK-100095,ondansetron,2024-10-04 15:00:00,500mg
ADM-000171,ENC-00110,PDK-100095,lisinopril,2024-10-05 13:00:00,5mg
ADM-000172,ENC-00112,PDK-100038,lisinopril,2024-04-13 11:00:00,10mg
ADM-000173,ENC-00112,PDK-100038,ondansetron,2024-04-15 19:00:00,10mg
ADM-000174,ENC-00112,PDK-100038,heparin,2024-04-14 07:00:00,500mg
ADM-000175,ENC-00113,PDK-100195,heparin,2024-08-28 05:00:00,500mg
ADM-000176,ENC-00113,PDK-100195,heparin,2024-08-30 10:00:00,5mg
ADM-000177,ENC-00113,PDK-100195,lisinopril,2024-09-02 22:00:00,10mg
ADM-000178,ENC-00114,PDK-100009,ondansetron,2024-05-18 21:00:00,500mg
ADM-000179,ENC-00116,PDK-100269,metformin,2024-01-19 22:00:00,10mg
ADM-000180,ENC-00117,PDK-100005,metformin,2024-04-21 05:00:00,500mg
ADM-000181,ENC-00117,PDK-100005,heparin,2024-04-21 05:00:00,2mg
ADM-000182,ENC-00117,PDK-100005,lisinopril,2024-04-22 04:00:00,5mg
ADM-000183,ENC-00118,PDK-100269,lisinopril,2024-03-20 18:00:00,10mg
ADM-000184,ENC-00118,PDK-100269,heparin,2024-03-20 16:00:00,5mg
ADM-000185,ENC-00118,PDK-100269,metformin,2024-03-17 12:00:00,2mg
ADM-000186,ENC-00119,PDK-100195,metformin,2024-07-17 08:00:00,2mg
ADM-000187,ENC-00121,PDK-100144,ondansetron,2024-10-14 22:00:00,5mg
ADM-000188,ENC-00122,PDK-100154,metformin,2024-03-25 02:00:00,2mg
ADM-000189,ENC-00122,PDK-100154,lisinopril,2024-04-01 23:00:00,5mg
ADM-000190,ENC-00123,PDK-100175,lisinopril,2024-07-26 02:00:00,5mg
ADM-000191,ENC-00123,PDK-100175,heparin,2024-07-24 16:00:00,5mg
ADM-000192,ENC-00123,PDK-100175,metformin,2024-07-24 21:00:00,10mg
ADM-000193,ENC-00124,PDK-100195,heparin,2024-03-21 05:00:00,10mg
ADM-000194,ENC-00124,PDK-100195,metformin,2024-03-23 00:00:00,2mg
ADM-000195,ENC-00125,PDK-100230,metformin,2024-10-18 09:00:00,500mg
ADM-000196,ENC-00125,PDK-100230,ondansetron,2024-10-12 04:00:00,500mg
ADM-000197,ENC-00126,PDK-100212,heparin,2024-07-18 08:00:00,10mg
ADM-000198,ENC-00126,PDK-100212,metformin,2024-07-17 11:00:00,2mg
ADM-000199,ENC-00127,PDK-100142,ondansetron,2024-08-06 05:00:00,10mg
ADM-000200,ENC-00128,PDK-100235,heparin,2024-02-26 09:00:00,500mg
ADM-000201,ENC-00128,PDK-100235,ondansetron,2024-02-24 18:00:00,500mg
ADM-000202,ENC-00128,PDK-100235,heparin,2024-02-25 02:00:00,2mg
ADM-000203,ENC-00129,PDK-100161,metformin,2024-04-06 01:00:00,10mg
ADM-000204,ENC-00129,PDK-100161,lisinopril,2024-04-05 21:00:00,5mg
ADM-000205,ENC-00130,PDK-100237,lisinopril,2024-04-23 19:00:00,500mg
ADM-000206,ENC-00130,PDK-100237,lisinopril,2024-04-19 17:00:00,10mg
ADM-000207,ENC-00130,PDK-100237,ondansetron,2024-04-21 01:00:00,5mg
ADM-000208,ENC-00131,PDK-100230,lisinopril,2024-09-08 22:00:00,5mg
ADM-000209,ENC-00131,PDK-100230,ondansetron,2024-09-10 01:00:00,500mg
ADM-000210,ENC-00132,PDK-100221,heparin,2024-02-24 01:00:00,2mg
ADM-000211,ENC-00133,PDK-100054,heparin,2024-06-04 21:00:00,10mg
ADM-000212,ENC-00133,PDK-100054,ondansetron,2024-06-03 18:00:00,2mg
ADM-000213,ENC-00134,PDK-100050,metformin,2024-08-15 13:00:00,10mg
ADM-000214,ENC-00134,PDK-100050,lisinopril,2024-08-23 19:00:00,10mg
ADM-000215,ENC-00135,PDK-100170,ondansetron,2024-10-13 08:00:00,10mg
ADM-000216,ENC-00135,PDK-100170,ondansetron,2024-10-19 08:00:00,2mg
ADM-000217,ENC-00135,PDK-100170,ondansetron,2024-10-13 02:00:00,10mg
ADM-000218,ENC-00136,PDK-100106,heparin,2024-05-26 05:00:00,2mg
ADM-000219,ENC-00136,PDK-100106,metformin,2024-05-27 15:00:00,2mg
ADM-000220,ENC-00137,PDK-100271,metformin,2024-06-16 05:00:00,10mg
ADM-000221,ENC-00137,PDK-100271,heparin,2024-06-10 07:00:00,10mg
ADM-000222,ENC-00138,PDK-100157,ondansetron,2024-03-02 07:00:00,10mg
ADM-000223,ENC-00139,PDK-100250,ondansetron,2024-10-03 04:00:00,500mg
ADM-000224,ENC-00139,PDK-100250,metformin,2024-10-12 09:00:00,10mg
ADM-000225,ENC-00141,PDK-100113,metformin,2024-05-29 19:00:00,5mg
ADM-000226,ENC-00141,PDK-100113,heparin,2024-05-29 18:00:00,500mg
ADM-000227,ENC-00141,PDK-100113,metformin,2024-05-30 00:00:00,2mg
ADM-000228,ENC-00142,PDK-100280,metformin,2024-04-25 17:00:00,5mg
ADM-000229,ENC-00142,PDK-100280,lisinopril,2024-04-23 06:00:00,500mg
ADM-000230,ENC-00143,PDK-100220,lisinopril,2024-03-28 11:00:00,500mg
ADM-000231,ENC-00143,PDK-100220,heparin,2024-03-31 03:00:00,500mg
ADM-000232,ENC-00144,PDK-100264,lisinopril,2024-02-19 08:00:00,10mg
ADM-000233,ENC-00147,PDK-100235,heparin,2024-07-02 22:00:00,10mg
ADM-000234,ENC-00147,PDK-100235,ondansetron,2024-07-02 22:00:00,5mg
ADM-000235,ENC-00148,PDK-100024,ondansetron,2024-02-20 01:00:00,2mg
ADM-000236,ENC-00148,PDK-100024,lisinopril,2024-02-22 20:00:00,500mg
ADM-000237,ENC-00148,PDK-100024,lisinopril,2024-02-25 21:00:00,5mg
ADM-000238,ENC-00149,PDK-100185,ondansetron,2024-05-09 18:00:00,5mg
ADM-000239,ENC-00150,PDK-100049,ondansetron,2024-01-01 02:00:00,5mg
ADM-000240,ENC-00151,PDK-100176,heparin,2024-03-03 12:00:00,2mg
ADM-000241,ENC-00151,PDK-100176,lisinopril,2024-03-08 21:00:00,10mg
ADM-000242,ENC-00152,PDK-100036,ondansetron,2024-10-04 14:00:00,2mg
ADM-000243,ENC-00153,PDK-100112,heparin,2024-02-15 04:00:00,500mg
ADM-000244,ENC-00153,PDK-100112,lisinopril,2024-02-14 16:00:00,500mg
ADM-000245,ENC-00153,PDK-100112,metformin,2024-02-14 16:00:00,500mg
ADM-000246,ENC-00155,PDK-100271,ondansetron,2024-01-07 19:00:00,5mg
ADM-000247,ENC-00156,PDK-100035,ondansetron,2024-01-10 07:00:00,2mg
ADM-000248,ENC-00156,PDK-100035,metformin,2024-01-11 10:00:00,10mg
ADM-000249,ENC-00158,PDK-100159,metformin,2024-08-20 17:00:00,5mg
ADM-000250,ENC-00158,PDK-100159,heparin,2024-08-14 18:00:00,5mg
ADM-000251,ENC-00158,PDK-100159,metformin,2024-08-13 23:00:00,5mg
ADM-000252,ENC-00161,PDK-100255,heparin,2024-08-22 17:00:00,500mg
ADM-000253,ENC-00162,PDK-100053,metformin,2024-10-30 02:00:00,500mg
ADM-000254,ENC-00163,PDK-100197,metformin,2024-03-19 17:00:00,5mg
ADM-000255,ENC-00163,PDK-100197,lisinopril,2024-03-18 05:00:00,5mg
ADM-000256,ENC-00164,PDK-100206,heparin,2024-02-11 01:00:00,500mg
ADM-000257,ENC-00165,PDK-100125,metformin,2024-08-27 12:00:00,500mg
ADM-000258,ENC-00165,PDK-100125,metformin,2024-08-28 14:00:00,5mg
ADM-000259,ENC-00165,PDK-100125,ondansetron,2024-08-28 07:00:00,5mg
ADM-000260,ENC-00166,PDK-100106,heparin,2024-09-30 11:00:00,5mg
ADM-000261,ENC-00166,PDK-100106,metformin,2024-09-30 17:00:00,10mg
ADM-000262,ENC-00166,PDK-100106,ondansetron,2024-09-28 10:00:00,5mg
ADM-000263,ENC-00167,PDK-100223,heparin,2024-03-08 06:00:00,5mg
ADM-000264,ENC-00167,PDK-100223,lisinopril,2024-03-07 18:00:00,5mg
ADM-000265,ENC-00167,PDK-100223,lisinopril,2024-03-07 14:00:00,10mg
ADM-000266,ENC-00168,PDK-100231,ondansetron,2024-08-29 07:00:00,2mg
ADM-000267,ENC-00169,PDK-100136,heparin,2024-03-03 02:00:00,5mg
ADM-000268,ENC-00171,PDK-100114,lisinopril,2024-03-07 12:00:00,500mg
ADM-000269,ENC-00171,PDK-100114,metformin,2024-03-07 06:00:00,2mg
ADM-000270,ENC-00171,PDK-100114,metformin,2024-03-07 22:00:00,2mg
ADM-000271,ENC-00173,PDK-100126,metformin,2024-06-04 02:00:00,500mg
ADM-000272,ENC-00174,PDK-100246,metformin,2024-10-08 00:00:00,5mg
ADM-000273,ENC-00175,PDK-100242,metformin,2024-09-30 09:00:00,2mg
ADM-000274,ENC-00175,PDK-100242,heparin,2024-09-29 21:00:00,10mg
ADM-000275,ENC-00176,PDK-100122,lisinopril,2024-06-21 13:00:00,500mg
ADM-000276,ENC-00177,PDK-100090,metformin,2024-09-08 17:00:00,2mg
ADM-000277,ENC-00180,PDK-100192,heparin,2024-07-22 21:00:00,500mg
ADM-000278,ENC-00180,PDK-100192,lisinopril,2024-07-28 03:00:00,10mg
ADM-000279,ENC-00180,PDK-100192,ondansetron,2024-07-24 07:00:00,500mg
ADM-000280,ENC-00184,PDK-100001,lisinopril,2024-01-26 18:00:00,2mg
ADM-000281,ENC-00184,PDK-100001,metformin,2024-01-25 09:00:00,500mg
ADM-000282,ENC-00184,PDK-100001,metformin,2024-01-28 10:00:00,500mg
ADM-000283,ENC-00186,PDK-100221,ondansetron,2024-04-01 11:00:00,500mg
ADM-000284,ENC-00187,PDK-100145,lisinopril,2024-06-01 07:00:00,500mg
ADM-000285,ENC-00187,PDK-100145,metformin,2024-06-03 07:00:00,5mg
ADM-000286,ENC-00187,PDK-100145,heparin,2024-06-04 13:00:00,2mg
ADM-000287,ENC-00188,PDK-100103,ondansetron,2024-02-19 16:00:00,2mg
ADM-000288,ENC-00188,PDK-100103,heparin,2024-02-19 03:00:00,2mg
ADM-000289,ENC-00189,PDK-100095,heparin,2024-07-10 10:00:00,500mg
ADM-000290,ENC-00189,PDK-100095,metformin,2024-07-09 15:00:00,5mg
ADM-000291,ENC-00189,PDK-100095,metformin,2024-07-11 17:00:00,2mg
ADM-000292,ENC-00191,PDK-100258,lisinopril,2024-10-27 15:00:00,10mg
ADM-000293,ENC-00192,PDK-100065,ondansetron,2024-01-27 22:00:00,500mg
ADM-000294,ENC-00192,PDK-100065,heparin,2024-01-27 14:00:00,2mg
ADM-000295,ENC-00192,PDK-100065,metformin,2024-01-28 16:00:00,2mg
ADM-000296,ENC-00194,PDK-100147,heparin,2024-10-05 08:00:00,10mg
ADM-000297,ENC-00196,PDK-100173,metformin,2024-06-05 01:00:00,2mg
ADM-000298,ENC-00196,PDK-100173,lisinopril,2024-06-08 21:00:00,2mg
ADM-000299,ENC-00196,PDK-100173,ondansetron,2024-06-08 02:00:00,500mg
ADM-000300,ENC-00197,PDK-100029,lisinopril,2024-09-21 02:00:00,5mg
ADM-000301,ENC-00200,PDK-100146,lisinopril,2024-01-17 21:00:00,2mg
ADM-000302,ENC-00201,PDK-100263,ondansetron,2024-01-19 01:00:00,500mg
ADM-000303,ENC-00201,PDK-100263,ondansetron,2024-01-16 10:00:00,10mg
ADM-000304,ENC-00202,PDK-100239,heparin,2024-06-09 09:00:00,5mg
ADM-000305,ENC-00202,PDK-100239,ondansetron,2024-06-04 09:00:00,500mg
ADM-000306,ENC-00203,PDK-100142,heparin,2024-06-18 16:00:00,10mg
ADM-000307,ENC-00203,PDK-100142,metformin,2024-06-18 12:00:00,2mg
ADM-000308,ENC-00203,PDK-100142,heparin,2024-06-16 10:00:00,2mg
ADM-000309,ENC-00204,PDK-100208,heparin,2024-07-27 20:00:00,500mg
ADM-000310,ENC-00204,PDK-100208,lisinopril,2024-07-28 22:00:00,10mg
ADM-000311,ENC-00204,PDK-100208,heparin,2024-07-19 02:00:00,2mg
ADM-000312,ENC-00205,PDK-100066,heparin,2024-05-19 23:00:00,500mg
ADM-000313,ENC-00205,PDK-100066,heparin,2024-05-21 22:00:00,5mg
ADM-000314,ENC-00205,PDK-100066,ondansetron,2024-05-13 04:00:00,5mg
ADM-000315,ENC-00206,PDK-100242,ondansetron,2024-04-10 13:00:00,500mg
ADM-000316,ENC-00206,PDK-100242,lisinopril,2024-04-17 08:00:00,5mg
ADM-000317,ENC-00206,PDK-100242,ondansetron,2024-04-12 14:00:00,10mg
ADM-000318,ENC-00207,PDK-100161,ondansetron,2024-01-30 21:00:00,2mg
ADM-000319,ENC-00208,PDK-100207,heparin,2024-08-07 04:00:00,500mg
ADM-000320,ENC-00210,PDK-100197,heparin,2024-09-18 16:00:00,10mg
ADM-000321,ENC-00210,PDK-100197,heparin,2024-09-23 15:00:00,2mg
ADM-000322,ENC-00210,PDK-100197,heparin,2024-09-22 01:00:00,10mg
ADM-000323,ENC-00211,PDK-100085,metformin,2024-07-25 12:00:00,5mg
ADM-000324,ENC-00215,PDK-100145,heparin,2024-02-29 22:00:00,2mg
ADM-000325,ENC-00218,PDK-100132,heparin,2024-05-02 14:00:00,5mg
ADM-000326,ENC-00218,PDK-100132,metformin,2024-04-28 12:00:00,5mg
ADM-000327,ENC-00219,PDK-100071,ondansetron,2024-04-01 21:00:00,500mg
ADM-000328,ENC-00219,PDK-100071,ondansetron,2024-04-02 03:00:00,2mg
ADM-000329,ENC-00219,PDK-100071,lisinopril,2024-03-29 05:00:00,10mg
ADM-000330,ENC-00220,PDK-100031,ondansetron,2024-03-23 08:00:00,5mg
ADM-000331,ENC-00221,PDK-100211,heparin,2024-08-13 17:00:00,5mg
ADM-000332,ENC-00223,PDK-100252,metformin,2024-06-15 11:00:00,2mg
ADM-000333,ENC-00225,PDK-100047,heparin,2024-06-11 16:00:00,2mg
ADM-000334,ENC-00225,PDK-100047,metformin,2024-06-05 01:00:00,10mg
ADM-000335,ENC-00225,PDK-100047,metformin,2024-06-07 16:00:00,500mg
ADM-000336,ENC-00226,PDK-100150,lisinopril,2024-10-15 19:00:00,2mg
ADM-000337,ENC-00226,PDK-100150,metformin,2024-10-09 18:00:00,10mg
ADM-000338,ENC-00226,PDK-100150,lisinopril,2024-10-08 07:00:00,2mg
ADM-000339,ENC-00228,PDK-100231,lisinopril,2024-08-24 06:00:00,2mg
ADM-000340,ENC-00229,PDK-100165,lisinopril,2024-09-16 12:00:00,2mg
ADM-000341,ENC-00229,PDK-100165,heparin,2024-09-20 21:00:00,500mg
ADM-000342,ENC-00229,PDK-100165,lisinopril,2024-09-17 04:00:00,10mg
ADM-000343,ENC-00230,PDK-100149,ondansetron,2024-07-03 22:00:00,500mg
ADM-000344,ENC-00230,PDK-100149,ondansetron,2024-06-25 07:00:00,5mg
ADM-000345,ENC-00231,PDK-100013,heparin,2024-07-15 09:00:00,10mg
ADM-000346,ENC-00232,PDK-100032,ondansetron,2024-06-01 07:00:00,500mg
ADM-000347,ENC-00233,PDK-100025,lisinopril,2024-07-20 19:00:00,500mg
ADM-000348,ENC-00233,PDK-100025,lisinopril,2024-07-16 02:00:00,500mg
ADM-000349,ENC-00233,PDK-100025,ondansetron,2024-07-15 22:00:00,5mg
ADM-000350,ENC-00236,PDK-100155,lisinopril,2024-09-13 14:00:00,5mg
ADM-000351,ENC-00237,PDK-100259,heparin,2024-03-25 13:00:00,500mg
ADM-000352,ENC-00238,PDK-100151,ondansetron,2024-04-23 14:00:00,10mg
ADM-000353,ENC-00238,PDK-100151,metformin,2024-04-28 07:00:00,500mg
ADM-000354,ENC-00241,PDK-100034,metformin,2024-04-26 20:00:00,500mg
ADM-000355,ENC-00242,PDK-100020,ondansetron,2024-02-15 01:00:00,2mg
ADM-000356,ENC-00242,PDK-100020,ondansetron,2024-02-15 04:00:00,500mg
ADM-000357,ENC-00245,PDK-100243,heparin,2024-03-21 03:00:00,10mg
ADM-000358,ENC-00245,PDK-100243,metformin,2024-03-21 11:00:00,5mg
ADM-000359,ENC-00246,PDK-100294,lisinopril,2024-07-22 00:00:00,10mg
ADM-000360,ENC-00248,PDK-100149,lisinopril,2024-02-04 13:00:00,500mg
ADM-000361,ENC-00249,PDK-100036,lisinopril,2024-04-09 02:00:00,500mg
ADM-000362,ENC-00249,PDK-100036,lisinopril,2024-04-11 09:00:00,2mg
ADM-000363,ENC-00249,PDK-100036,heparin,2024-04-12 21:00:00,10mg
ADM-000364,ENC-00251,PDK-100144,lisinopril,2024-03-12 10:00:00,500mg
ADM-000365,ENC-00251,PDK-100144,ondansetron,2024-03-19 00:00:00,10mg
ADM-000366,ENC-00251,PDK-100144,heparin,2024-03-16 05:00:00,10mg
ADM-000367,ENC-00252,PDK-100149,ondansetron,2024-03-10 17:00:00,10mg
ADM-000368,ENC-00253,PDK-100290,metformin,2024-10-20 10:00:00,500mg
ADM-000369,ENC-00254,PDK-100199,heparin,2024-09-03 05:00:00,10mg
ADM-000370,ENC-00254,PDK-100199,ondansetron,2024-09-04 00:00:00,2mg
ADM-000371,ENC-00255,PDK-100188,ondansetron,2024-10-27 04:00:00,10mg
ADM-000372,ENC-00255,PDK-100188,ondansetron,2024-10-30 13:00:00,10mg
ADM-000373,ENC-00255,PDK-100188,metformin,2024-11-07 00:00:00,500mg
ADM-000374,ENC-00257,PDK-100247,lisinopril,2024-09-03 11:00:00,5mg
ADM-000375,ENC-00258,PDK-100294,metformin,2024-03-16 07:00:00,2mg
ADM-000376,ENC-00258,PDK-100294,ondansetron,2024-03-16 16:00:00,10mg
ADM-000377,ENC-00259,PDK-100113,ondansetron,2024-08-04 09:00:00,5mg
ADM-000378,ENC-00259,PDK-100113,lisinopril,2024-08-02 01:00:00,2mg
ADM-000379,ENC-00261,PDK-100048,heparin,2024-09-03 23:00:00,2mg
ADM-000380,ENC-00261,PDK-100048,lisinopril,2024-09-13 07:00:00,2mg
ADM-000381,ENC-00261,PDK-100048,heparin,2024-09-05 03:00:00,2mg
ADM-000382,ENC-00262,PDK-100069,heparin,2024-05-12 01:00:00,5mg
ADM-000383,ENC-00262,PDK-100069,metformin,2024-05-16 04:00:00,5mg
ADM-000384,ENC-00262,PDK-100069,metformin,2024-05-14 01:00:00,10mg
ADM-000385,ENC-00263,PDK-100162,heparin,2024-07-30 23:00:00,2mg
ADM-000386,ENC-00263,PDK-100162,lisinopril,2024-08-01 10:00:00,2mg
ADM-000387,ENC-00263,PDK-100162,lisinopril,2024-07-31 23:00:00,2mg
ADM-000388,ENC-00264,PDK-100130,ondansetron,2024-06-14 10:00:00,500mg
ADM-000389,ENC-00265,PDK-100282,ondansetron,2024-01-27 12:00:00,5mg
ADM-000390,ENC-00265,PDK-100282,heparin,2024-01-28 05:00:00,500mg
ADM-000391,ENC-00265,PDK-100282,metformin,2024-01-27 05:00:00,2mg
ADM-000392,ENC-00266,PDK-100206,lisinopril,2024-09-23 05:00:00,10mg
ADM-000393,ENC-00266,PDK-100206,lisinopril,2024-09-26 15:00:00,5mg
ADM-000394,ENC-00267,PDK-100185,ondansetron,2024-05-06 07:00:00,5mg
ADM-000395,ENC-00267,PDK-100185,metformin,2024-05-03 23:00:00,500mg
ADM-000396,ENC-00267,PDK-100185,heparin,2024-05-09 10:00:00,500mg
ADM-000397,ENC-00268,PDK-100116,metformin,2024-04-15 00:00:00,5mg
ADM-000398,ENC-00268,PDK-100116,heparin,2024-04-12 16:00:00,5mg
ADM-000399,ENC-00268,PDK-100116,heparin,2024-04-14 18:00:00,500mg
ADM-000400,ENC-00270,PDK-100247,lisinopril,2024-03-01 13:00:00,5mg
ADM-000401,ENC-00270,PDK-100247,ondansetron,2024-03-03 15:00:00,500mg
ADM-000402,ENC-00271,PDK-100039,ondansetron,2024-10-11 02:00:00,10mg
ADM-000403,ENC-00273,PDK-100041,ondansetron,2024-09-18 14:00:00,500mg
ADM-000404,ENC-00273,PDK-100041,ondansetron,2024-09-10 23:00:00,500mg
ADM-000405,ENC-00274,PDK-100204,metformin,2024-04-28 09:00:00,500mg
ADM-000406,ENC-00274,PDK-100204,ondansetron,2024-05-02 05:00:00,10mg
ADM-000407,ENC-00274,PDK-100204,ondansetron,2024-04-24 07:00:00,2mg
ADM-000408,ENC-00275,PDK-100162,lisinopril,2024-01-05 09:00:00,2mg
ADM-000409,ENC-00275,PDK-100162,heparin,2024-01-05 12:00:00,10mg
ADM-000410,ENC-00276,PDK-100256,lisinopril,2024-08-05 13:00:00,500mg
ADM-000411,ENC-00277,PDK-100121,ondansetron,2024-10-16 08:00:00,10mg
ADM-000412,ENC-00280,PDK-100211,ondansetron,2024-03-03 21:00:00,2mg
ADM-000413,ENC-00280,PDK-100211,heparin,2024-03-07 23:00:00,10mg
ADM-000414,ENC-00280,PDK-100211,lisinopril,2024-03-06 15:00:00,2mg
ADM-000415,ENC-00281,PDK-100293,heparin,2024-07-27 15:00:00,2mg
ADM-000416,ENC-00281,PDK-100293,heparin,2024-07-27 05:00:00,500mg
ADM-000417,ENC-00282,PDK-100267,metformin,2024-08-20 06:00:00,10mg
ADM-000418,ENC-00282,PDK-100267,ondansetron,2024-08-19 03:00:00,5mg
ADM-000419,ENC-00284,PDK-100054,lisinopril,2024-05-21 21:00:00,500mg
ADM-000420,ENC-00285,PDK-100227,heparin,2024-03-07 13:00:00,2mg
ADM-000421,ENC-00285,PDK-100227,heparin,2024-03-07 23:00:00,2mg
ADM-000422,ENC-00286,PDK-100070,heparin,2024-10-05 05:00:00,500mg
ADM-000423,ENC-00286,PDK-100070,lisinopril,2024-10-04 15:00:00,5mg
ADM-000424,ENC-00288,PDK-100221,ondansetron,2024-06-07 10:00:00,2mg
ADM-000425,ENC-00289,PDK-100203,heparin,2024-05-09 21:00:00,500mg
ADM-000426,ENC-00289,PDK-100203,ondansetron,2024-05-08 01:00:00,5mg
ADM-000427,ENC-00291,PDK-100274,metformin,2024-01-12 20:00:00,5mg
ADM-000428,ENC-00293,PDK-100075,lisinopril,2024-02-02 19:00:00,500mg
ADM-000429,ENC-00294,PDK-100196,ondansetron,2024-01-08 01:00:00,500mg
ADM-000430,ENC-00295,PDK-100166,lisinopril,2024-03-29 17:00:00,5mg
ADM-000431,ENC-00295,PDK-100166,lisinopril,2024-03-24 10:00:00,10mg
ADM-000432,ENC-00296,PDK-100223,lisinopril,2024-06-15 12:00:00,5mg
ADM-000433,ENC-00296,PDK-100223,lisinopril,2024-06-15 06:00:00,2mg
ADM-000434,ENC-00296,PDK-100223,metformin,2024-06-15 22:00:00,500mg
ADM-000435,ENC-00297,PDK-100031,heparin,2024-02-05 23:00:00,500mg
ADM-000436,ENC-00298,PDK-100225,ondansetron,2024-04-08 07:00:00,10mg
ADM-000437,ENC-00298,PDK-100225,heparin,2024-04-08 11:00:00,2mg
ADM-000438,ENC-00299,PDK-100141,ondansetron,2024-10-10 01:00:00,2mg
ADM-000439,ENC-00299,PDK-100141,lisinopril,2024-10-10 03:00:00,500mg
ADM-000440,ENC-00300,PDK-100123,metformin,2024-06-15 02:00:00,5mg
ADM-000441,ENC-00300,PDK-100123,metformin,2024-06-15 19:00:00,10mg
ADM-000442,ENC-00301,PDK-100017,ondansetron,2024-04-14 10:00:00,500mg
ADM-000443,ENC-00301,PDK-100017,metformin,2024-04-14 00:00:00,10mg
ADM-000444,ENC-00301,PDK-100017,metformin,2024-04-13 01:00:00,10mg
ADM-000445,ENC-00302,PDK-100252,metformin,2024-02-17 20:00:00,5mg
ADM-000446,ENC-00302,PDK-100252,heparin,2024-02-10 20:00:00,10mg
ADM-000447,ENC-00303,PDK-100266,metformin,2024-02-20 17:00:00,500mg
ADM-000448,ENC-00303,PDK-100266,ondansetron,2024-02-20 21:00:00,2mg
ADM-000449,ENC-00303,PDK-100266,metformin,2024-02-19 11:00:00,10mg
ADM-000450,ENC-00304,PDK-100282,heparin,2024-07-28 10:00:00,2mg
ADM-000451,ENC-00304,PDK-100282,heparin,2024-07-30 12:00:00,10mg
ADM-000452,ENC-00306,PDK-100146,lisinopril,2024-01-10 01:00:00,5mg
ADM-000453,ENC-00306,PDK-100146,ondansetron,2024-01-12 20:00:00,10mg
ADM-000454,ENC-00307,PDK-100071,lisinopril,2024-05-15 20:00:00,500mg
ADM-000455,ENC-00307,PDK-100071,ondansetron,2024-05-16 21:00:00,2mg
ADM-000456,ENC-00307,PDK-100071,metformin,2024-05-18 05:00:00,5mg
ADM-000457,ENC-00309,PDK-100196,metformin,2024-01-31 15:00:00,2mg
ADM-000458,ENC-00310,PDK-100229,heparin,2024-10-21 22:00:00,2mg
ADM-000459,ENC-00311,PDK-100293,ondansetron,2024-02-01 00:00:00,10mg
ADM-000460,ENC-00312,PDK-100250,metformin,2024-07-23 10:00:00,2mg
ADM-000461,ENC-00312,PDK-100250,ondansetron,2024-07-28 20:00:00,500mg
ADM-000462,ENC-00313,PDK-100098,metformin,2024-06-15 12:00:00,10mg
ADM-000463,ENC-00313,PDK-100098,heparin,2024-06-14 16:00:00,5mg
ADM-000464,ENC-00313,PDK-100098,metformin,2024-06-13 14:00:00,10mg
ADM-000465,ENC-00314,PDK-100076,metformin,2024-05-27 11:00:00,10mg
ADM-000466,ENC-00314,PDK-100076,lisinopril,2024-05-27 07:00:00,500mg
ADM-000467,ENC-00314,PDK-100076,ondansetron,2024-05-27 20:00:00,10mg
ADM-000468,ENC-00315,PDK-100010,metformin,2024-07-16 00:00:00,5mg
ADM-000469,ENC-00315,PDK-100010,metformin,2024-07-15 04:00:00,500mg
ADM-000470,ENC-00317,PDK-100096,heparin,2024-04-16 06:00:00,2mg
ADM-000471,ENC-00317,PDK-100096,lisinopril,2024-04-11 05:00:00,500mg
ADM-000472,ENC-00318,PDK-100181,ondansetron,2024-06-30 16:00:00,500mg
ADM-000473,ENC-00318,PDK-100181,lisinopril,2024-07-03 06:00:00,500mg
ADM-000474,ENC-00319,PDK-100202,heparin,2024-03-12 15:00:00,500mg
ADM-000475,ENC-00319,PDK-100202,ondansetron,2024-03-12 11:00:00,10mg
ADM-000476,ENC-00319,PDK-100202,lisinopril,2024-03-12 18:00:00,10mg
ADM-000477,ENC-00320,PDK-100298,heparin,2024-10-05 11:00:00,5mg
ADM-000478,ENC-00321,PDK-100095,lisinopril,2024-06-12 01:00:00,5mg
ADM-000479,ENC-00321,PDK-100095,lisinopril,2024-06-12 00:00:00,5mg
ADM-000480,ENC-00322,PDK-100137,lisinopril,2024-10-22 09:00:00,2mg
ADM-000481,ENC-00322,PDK-100137,heparin,2024-10-19 00:00:00,2mg
ADM-000482,ENC-00322,PDK-100137,ondansetron,2024-10-22 02:00:00,10mg
ADM-000483,ENC-00324,PDK-100091,heparin,2024-08-16 05:00:00,5mg
ADM-000484,ENC-00324,PDK-100091,metformin,2024-08-16 20:00:00,2mg
ADM-000485,ENC-00324,PDK-100091,metformin,2024-08-21 09:00:00,10mg
ADM-000486,ENC-00325,PDK-100266,lisinopril,2024-10-06 13:00:00,500mg
ADM-000487,ENC-00325,PDK-100266,metformin,2024-10-07 13:00:00,10mg
ADM-000488,ENC-00325,PDK-100266,ondansetron,2024-10-08 22:00:00,2mg
ADM-000489,ENC-00328,PDK-100231,lisinopril,2024-07-04 11:00:00,10mg
ADM-000490,ENC-00328,PDK-100231,lisinopril,2024-07-05 22:00:00,5mg
ADM-000491,ENC-00329,PDK-100215,metformin,2024-06-08 11:00:00,2mg
ADM-000492,ENC-00329,PDK-100215,ondansetron,2024-06-08 22:00:00,5mg
ADM-000493,ENC-00330,PDK-100253,metformin,2024-05-02 00:00:00,10mg
ADM-000494,ENC-00331,PDK-100029,heparin,2024-06-27 03:00:00,5mg
ADM-000495,ENC-00331,PDK-100029,metformin,2024-06-27 14:00:00,10mg
ADM-000496,ENC-00333,PDK-100219,lisinopril,2024-10-09 16:00:00,5mg
ADM-000497,ENC-00334,PDK-100056,lisinopril,2024-10-29 15:00:00,2mg
ADM-000498,ENC-00334,PDK-100056,ondansetron,2024-10-22 21:00:00,10mg
ADM-000499,ENC-00336,PDK-100107,heparin,2024-07-31 18:00:00,500mg
ADM-000500,ENC-00336,PDK-100107,heparin,2024-08-05 10:00:00,500mg
ADM-000501,ENC-00337,PDK-100004,ondansetron,2024-02-28 19:00:00,10mg
ADM-000502,ENC-00337,PDK-100004,ondansetron,2024-03-02 08:00:00,2mg
ADM-000503,ENC-00337,PDK-100004,heparin,2024-03-08 21:00:00,2mg
ADM-000504,ENC-00338,PDK-100029,heparin,2024-09-23 09:00:00,10mg
ADM-000505,ENC-00338,PDK-100029,heparin,2024-09-27 12:00:00,5mg
ADM-000506,ENC-00340,PDK-100255,metformin,2024-05-05 18:00:00,5mg
ADM-000507,ENC-00341,PDK-100248,lisinopril,2024-09-13 05:00:00,2mg
ADM-000508,ENC-00342,PDK-100199,metformin,2024-09-25 13:00:00,500mg
ADM-000509,ENC-00342,PDK-100199,lisinopril,2024-09-24 21:00:00,10mg
ADM-000510,ENC-00344,PDK-100106,heparin,2024-10-09 19:00:00,2mg
ADM-000511,ENC-00344,PDK-100106,metformin,2024-10-05 10:00:00,5mg
ADM-000512,ENC-00345,PDK-100242,lisinopril,2024-01-27 22:00:00,2mg
ADM-000513,ENC-00345,PDK-100242,heparin,2024-01-26 20:00:00,500mg
ADM-000514,ENC-00345,PDK-100242,lisinopril,2024-01-27 22:00:00,5mg
ADM-000515,ENC-00346,PDK-100239,heparin,2024-10-19 03:00:00,10mg
ADM-000516,ENC-00346,PDK-100239,heparin,2024-10-18 18:00:00,2mg
ADM-000517,ENC-00347,PDK-100250,lisinopril,2024-01-16 19:00:00,500mg
ADM-000518,ENC-00347,PDK-100250,lisinopril,2024-01-17 09:00:00,5mg
ADM-000519,ENC-00347,PDK-100250,ondansetron,2024-01-17 22:00:00,5mg
ADM-000520,ENC-00348,PDK-100167,lisinopril,2024-10-21 07:00:00,2mg
ADM-000521,ENC-00349,PDK-100034,metformin,2024-06-26 04:00:00,2mg
ADM-000522,ENC-00349,PDK-100034,heparin,2024-06-26 00:00:00,5mg
ADM-000523,ENC-00349,PDK-100034,ondansetron,2024-06-23 23:00:00,500mg
ADM-000524,ENC-00351,PDK-100076,ondansetron,2024-03-24 16:00:00,500mg
ADM-000525,ENC-00351,PDK-100076,metformin,2024-03-23 06:00:00,5mg
ADM-000526,ENC-00353,PDK-100001,ondansetron,2024-10-17 08:00:00,2mg
ADM-000527,ENC-00353,PDK-100001,ondansetron,2024-10-18 20:00:00,10mg
ADM-000528,ENC-00355,PDK-100009,ondansetron,2024-03-24 21:00:00,2mg
ADM-000529,ENC-00356,PDK-100283,lisinopril,2024-08-23 09:00:00,500mg
ADM-000530,ENC-00356,PDK-100283,ondansetron,2024-08-23 20:00:00,500mg
ADM-000531,ENC-00356,PDK-100283,metformin,2024-08-18 10:00:00,2mg
ADM-000532,ENC-00357,PDK-100189,ondansetron,2024-03-03 13:00:00,5mg
ADM-000533,ENC-00357,PDK-100189,metformin,2024-02-29 15:00:00,2mg
ADM-000534,ENC-00359,PDK-100241,heparin,2024-08-20 16:00:00,2mg
ADM-000535,ENC-00359,PDK-100241,lisinopril,2024-08-26 03:00:00,5mg
ADM-000536,ENC-00361,PDK-100143,ondansetron,2024-05-11 00:00:00,10mg
ADM-000537,ENC-00362,PDK-100134,lisinopril,2024-05-05 07:00:00,2mg
ADM-000538,ENC-00363,PDK-100197,metformin,2024-05-02 03:00:00,10mg
ADM-000539,ENC-00363,PDK-100197,ondansetron,2024-05-09 13:00:00,2mg
ADM-000540,ENC-00364,PDK-100155,ondansetron,2024-09-06 18:00:00,5mg
ADM-000541,ENC-00364,PDK-100155,metformin,2024-09-11 09:00:00,500mg
ADM-000542,ENC-00364,PDK-100155,ondansetron,2024-09-05 20:00:00,500mg
ADM-000543,ENC-00365,PDK-100139,heparin,2024-05-17 12:00:00,5mg
ADM-000544,ENC-00366,PDK-100005,heparin,2024-02-04 08:00:00,500mg
ADM-000545,ENC-00366,PDK-100005,heparin,2024-02-04 07:00:00,5mg
ADM-000546,ENC-00366,PDK-100005,metformin,2024-02-04 20:00:00,5mg
ADM-000547,ENC-00367,PDK-100030,ondansetron,2024-04-28 01:00:00,10mg
ADM-000548,ENC-00368,PDK-100057,metformin,2024-04-05 12:00:00,5mg
ADM-000549,ENC-00369,PDK-100196,lisinopril,2024-07-22 06:00:00,5mg
ADM-000550,ENC-00369,PDK-100196,lisinopril,2024-07-22 19:00:00,2mg
ADM-000551,ENC-00369,PDK-100196,lisinopril,2024-07-18 04:00:00,2mg
ADM-000552,ENC-00370,PDK-100133,ondansetron,2024-02-22 01:00:00,2mg
ADM-000553,ENC-00370,PDK-100133,lisinopril,2024-02-22 21:00:00,5mg
ADM-000554,ENC-00371,PDK-100020,ondansetron,2024-07-22 13:00:00,5mg
ADM-000555,ENC-00371,PDK-100020,lisinopril,2024-07-18 01:00:00,2mg
ADM-000556,ENC-00371,PDK-100020,ondansetron,2024-07-18 16:00:00,500mg
ADM-000557,ENC-00372,PDK-100171,metformin,2024-06-08 22:00:00,500mg
ADM-000558,ENC-00372,PDK-100171,lisinopril,2024-06-05 22:00:00,5mg
ADM-000559,ENC-00376,PDK-100173,lisinopril,2024-01-22 19:00:00,5mg
ADM-000560,ENC-00377,PDK-100073,metformin,2024-09-16 18:00:00,10mg
ADM-000561,ENC-00377,PDK-100073,metformin,2024-09-09 07:00:00,5mg
ADM-000562,ENC-00378,PDK-100255,lisinopril,2024-04-22 03:00:00,10mg
ADM-000563,ENC-00378,PDK-100255,heparin,2024-04-22 05:00:00,5mg
ADM-000564,ENC-00379,PDK-100141,metformin,2024-03-19 18:00:00,2mg
ADM-000565,ENC-00381,PDK-100146,ondansetron,2024-08-06 03:00:00,10mg
ADM-000566,ENC-00381,PDK-100146,metformin,2024-08-04 21:00:00,2mg
ADM-000567,ENC-00381,PDK-100146,metformin,2024-08-07 11:00:00,500mg
ADM-000568,ENC-00382,PDK-100215,ondansetron,2024-01-11 06:00:00,10mg
ADM-000569,ENC-00384,PDK-100028,lisinopril,2024-07-09 05:00:00,5mg
ADM-000570,ENC-00385,PDK-100249,lisinopril,2024-09-20 08:00:00,500mg
ADM-000571,ENC-00385,PDK-100249,lisinopril,2024-09-20 07:00:00,10mg
ADM-000572,ENC-00386,PDK-100212,metformin,2024-04-16 16:00:00,10mg
ADM-000573,ENC-00386,PDK-100212,lisinopril,2024-04-18 13:00:00,2mg
ADM-000574,ENC-00386,PDK-100212,lisinopril,2024-04-16 04:00:00,500mg
ADM-000575,ENC-00388,PDK-100144,lisinopril,2024-03-10 06:00:00,2mg
ADM-000576,ENC-00389,PDK-100268,lisinopril,2024-09-10 04:00:00,10mg
ADM-000577,ENC-00389,PDK-100268,metformin,2024-09-09 06:00:00,5mg
ADM-000578,ENC-00389,PDK-100268,metformin,2024-09-09 13:00:00,5mg
ADM-000579,ENC-00390,PDK-100218,metformin,2024-10-03 23:00:00,5mg
ADM-000580,ENC-00391,PDK-100209,ondansetron,2024-04-21 04:00:00,2mg
ADM-000581,ENC-00393,PDK-100037,lisinopril,2024-07-17 18:00:00,500mg
ADM-000582,ENC-00393,PDK-100037,metformin,2024-07-27 00:00:00,500mg
ADM-000583,ENC-00395,PDK-100288,lisinopril,2024-04-15 18:00:00,500mg
ADM-000584,ENC-00397,PDK-100241,lisinopril,2024-10-05 04:00:00,5mg
ADM-000585,ENC-00397,PDK-100241,metformin,2024-10-02 13:00:00,500mg
ADM-000586,ENC-00397,PDK-100241,metformin,2024-10-02 04:00:00,2mg
ADM-000587,ENC-00399,PDK-100150,heparin,2024-04-07 08:00:00,2mg
ADM-000588,ENC-00399,PDK-100150,ondansetron,2024-04-06 20:00:00,10mg
ADM-000589,ENC-00400,PDK-100157,heparin,2024-03-29 00:00:00,10mg
ADM-000590,ENC-00401,PDK-100079,ondansetron,2024-03-24 10:00:00,500mg
ADM-000591,ENC-00402,PDK-100095,metformin,2024-04-15 07:00:00,2mg
ADM-000592,ENC-00402,PDK-100095,ondansetron,2024-04-23 05:00:00,10mg
ADM-000593,ENC-00403,PDK-100235,heparin,2024-06-12 15:00:00,2mg
ADM-000594,ENC-00403,PDK-100235,metformin,2024-06-12 18:00:00,5mg
ADM-000595,ENC-00403,PDK-100235,heparin,2024-06-12 04:00:00,2mg
ADM-000596,ENC-00404,PDK-100113,metformin,2024-08-16 22:00:00,2mg
ADM-000597,ENC-00405,PDK-100045,ondansetron,2024-09-23 00:00:00,5mg
ADM-000598,ENC-00405,PDK-100045,heparin,2024-09-22 17:00:00,500mg
ADM-000599,ENC-00406,PDK-100158,ondansetron,2024-08-23 19:00:00,2mg
ADM-000600,ENC-00407,PDK-100072,metformin,2024-11-05 23:00:00,2mg
ADM-000601,ENC-00407,PDK-100072,metformin,2024-10-27 02:00:00,2mg
ADM-000602,ENC-00408,PDK-100140,metformin,2024-08-01 15:00:00,500mg
ADM-000603,ENC-00408,PDK-100140,ondansetron,2024-08-03 00:00:00,2mg
ADM-000604,ENC-00408,PDK-100140,lisinopril,2024-07-31 04:00:00,5mg
ADM-000605,ENC-00409,PDK-100079,ondansetron,2024-05-18 21:00:00,10mg
ADM-000606,ENC-00410,PDK-100015,ondansetron,2024-03-05 01:00:00,2mg
ADM-000607,ENC-00410,PDK-100015,heparin,2024-03-05 09:00:00,2mg
ADM-000608,ENC-00411,PDK-100062,heparin,2024-07-11 18:00:00,5mg
ADM-000609,ENC-00413,PDK-100264,heparin,2024-04-15 11:00:00,500mg
ADM-000610,ENC-00413,PDK-100264,heparin,2024-04-11 02:00:00,500mg
ADM-000611,ENC-00414,PDK-100074,lisinopril,2024-01-08 01:00:00,5mg
ADM-000612,ENC-00415,PDK-100214,lisinopril,2024-08-24 05:00:00,500mg
ADM-000613,ENC-00415,PDK-100214,lisinopril,2024-08-24 22:00:00,500mg
ADM-000614,ENC-00416,PDK-100015,metformin,2024-03-03 07:00:00,5mg
ADM-000615,ENC-00419,PDK-100106,heparin,2024-10-27 21:00:00,10mg
ADM-000616,ENC-00419,PDK-100106,metformin,2024-10-27 13:00:00,5mg
ADM-000617,ENC-00420,PDK-100271,heparin,2024-04-24 23:00:00,2mg
ADM-000618,ENC-00420,PDK-100271,metformin,2024-04-24 21:00:00,500mg
ADM-000619,ENC-00420,PDK-100271,ondansetron,2024-04-30 02:00:00,10mg
ADM-000620,ENC-00421,PDK-100264,heparin,2024-05-01 23:00:00,5mg
ADM-000621,ENC-00421,PDK-100264,metformin,2024-04-29 12:00:00,2mg
ADM-000622,ENC-00422,PDK-100060,metformin,2024-07-20 19:00:00,2mg
ADM-000623,ENC-00424,PDK-100062,lisinopril,2024-03-17 15:00:00,10mg
ADM-000624,ENC-00424,PDK-100062,ondansetron,2024-03-15 08:00:00,10mg
ADM-000625,ENC-00425,PDK-100218,metformin,2024-09-12 16:00:00,500mg
ADM-000626,ENC-00425,PDK-100218,ondansetron,2024-09-14 16:00:00,10mg
ADM-000627,ENC-00425,PDK-100218,lisinopril,2024-09-12 04:00:00,5mg
ADM-000628,ENC-00427,PDK-100040,heparin,2024-09-28 19:00:00,5mg
ADM-000629,ENC-00427,PDK-100040,metformin,2024-09-27 15:00:00,5mg
ADM-000630,ENC-00428,PDK-100197,ondansetron,2024-08-22 15:00:00,10mg
ADM-000631,ENC-00429,PDK-100160,ondansetron,2024-07-24 14:00:00,500mg
ADM-000632,ENC-00429,PDK-100160,heparin,2024-07-21 11:00:00,5mg
ADM-000633,ENC-00429,PDK-100160,metformin,2024-07-24 08:00:00,5mg
ADM-000634,ENC-00430,PDK-100066,metformin,2024-07-08 15:00:00,10mg
ADM-000635,ENC-00430,PDK-100066,lisinopril,2024-07-09 08:00:00,5mg
ADM-000636,ENC-00431,PDK-100034,ondansetron,2024-06-05 18:00:00,5mg
ADM-000637,ENC-00431,PDK-100034,ondansetron,2024-06-06 14:00:00,5mg
ADM-000638,ENC-00431,PDK-100034,heparin,2024-06-06 01:00:00,2mg
ADM-000639,ENC-00432,PDK-100166,heparin,2024-10-20 11:00:00,500mg
ADM-000640,ENC-00432,PDK-100166,heparin,2024-10-21 04:00:00,10mg
ADM-000641,ENC-00432,PDK-100166,ondansetron,2024-10-21 17:00:00,5mg
ADM-000642,ENC-00433,PDK-100275,lisinopril,2024-04-22 08:00:00,5mg
ADM-000643,ENC-00433,PDK-100275,metformin,2024-04-22 04:00:00,500mg
ADM-000644,ENC-00433,PDK-100275,heparin,2024-04-19 09:00:00,2mg
ADM-000645,ENC-00434,PDK-100219,ondansetron,2024-04-21 07:00:00,500mg
ADM-000646,ENC-00435,PDK-100264,lisinopril,2024-08-30 00:00:00,500mg
ADM-000647,ENC-00435,PDK-100264,ondansetron,2024-08-21 07:00:00,10mg
ADM-000648,ENC-00435,PDK-100264,heparin,2024-08-29 21:00:00,10mg
ADM-000649,ENC-00436,PDK-100124,heparin,2024-03-23 01:00:00,2mg
ADM-000650,ENC-00437,PDK-100123,ondansetron,2024-03-02 00:00:00,2mg
ADM-000651,ENC-00437,PDK-100123,ondansetron,2024-02-28 05:00:00,10mg
ADM-000652,ENC-00437,PDK-100123,lisinopril,2024-02-29 11:00:00,10mg
ADM-000653,ENC-00440,PDK-100204,ondansetron,2024-03-12 12:00:00,10mg
ADM-000654,ENC-00440,PDK-100204,metformin,2024-03-13 17:00:00,500mg
ADM-000655,ENC-00441,PDK-100300,metformin,2024-07-28 12:00:00,500mg
ADM-000656,ENC-00441,PDK-100300,metformin,2024-07-24 19:00:00,2mg
ADM-000657,ENC-00444,PDK-100202,ondansetron,2024-05-14 06:00:00,5mg
ADM-000658,ENC-00444,PDK-100202,heparin,2024-05-14 15:00:00,5mg
ADM-000659,ENC-00447,PDK-100206,ondansetron,2024-04-18 20:00:00,2mg
ADM-000660,ENC-00448,PDK-100245,ondansetron,2024-03-13 11:00:00,10mg
ADM-000661,ENC-00448,PDK-100245,metformin,2024-03-09 03:00:00,10mg
ADM-000662,ENC-00448,PDK-100245,metformin,2024-03-11 12:00:00,10mg
ADM-000663,ENC-00450,PDK-100270,lisinopril,2024-08-12 21:00:00,500mg
ADM-000664,ENC-00451,PDK-100254,ondansetron,2024-07-15 00:00:00,2mg
ADM-000665,ENC-00452,PDK-100075,metformin,2024-01-15 02:00:00,2mg
ADM-000666,ENC-00452,PDK-100075,lisinopril,2024-01-19 16:00:00,500mg
ADM-000667,ENC-00452,PDK-100075,ondansetron,2024-01-18 16:00:00,10mg
ADM-000668,ENC-00454,PDK-100027,heparin,2024-06-21 03:00:00,500mg
ADM-000669,ENC-00454,PDK-100027,lisinopril,2024-06-22 00:00:00,5mg
ADM-000670,ENC-00454,PDK-100027,lisinopril,2024-06-20 10:00:00,10mg
ADM-000671,ENC-00455,PDK-100258,lisinopril,2024-09-11 19:00:00,5mg
ADM-000672,ENC-00455,PDK-100258,heparin,2024-09-09 12:00:00,10mg
ADM-000673,ENC-00455,PDK-100258,ondansetron,2024-09-12 00:00:00,500mg
ADM-000674,ENC-00456,PDK-100221,metformin,2024-05-25 01:00:00,10mg
ADM-000675,ENC-00456,PDK-100221,metformin,2024-05-25 06:00:00,10mg
ADM-000676,ENC-00456,PDK-100221,metformin,2024-05-26 13:00:00,500mg
ADM-000677,ENC-00457,PDK-100084,metformin,2024-08-30 18:00:00,5mg
ADM-000678,ENC-00458,PDK-100105,ondansetron,2024-05-25 10:00:00,10mg
ADM-000679,ENC-00459,PDK-100256,metformin,2024-02-18 21:00:00,2mg
ADM-000680,ENC-00460,PDK-100246,heparin,2024-08-22 19:00:00,10mg
ADM-000681,ENC-00460,PDK-100246,metformin,2024-08-26 01:00:00,500mg
ADM-000682,ENC-00460,PDK-100246,metformin,2024-08-21 13:00:00,2mg
ADM-000683,ENC-00461,PDK-100048,ondansetron,2024-07-27 04:00:00,2mg
ADM-000684,ENC-00462,PDK-100146,ondansetron,2024-03-20 05:00:00,2mg
ADM-000685,ENC-00463,PDK-100244,ondansetron,2024-05-23 18:00:00,2mg
ADM-000686,ENC-00464,PDK-100048,heparin,2024-01-22 15:00:00,10mg
ADM-000687,ENC-00464,PDK-100048,heparin,2024-01-30 00:00:00,10mg
ADM-000688,ENC-00464,PDK-100048,ondansetron,2024-01-24 04:00:00,5mg
ADM-000689,ENC-00466,PDK-100059,heparin,2024-08-25 20:00:00,10mg
ADM-000690,ENC-00466,PDK-100059,lisinopril,2024-08-25 00:00:00,5mg
ADM-000691,ENC-00466,PDK-100059,heparin,2024-08-24 14:00:00,2mg
ADM-000692,ENC-00467,PDK-100274,ondansetron,2024-01-10 23:00:00,2mg
ADM-000693,ENC-00467,PDK-100274,ondansetron,2024-01-10 10:00:00,500mg
ADM-000694,ENC-00467,PDK-100274,ondansetron,2024-01-10 10:00:00,5mg
ADM-000695,ENC-00468,PDK-100065,metformin,2024-03-10 07:00:00,2mg
ADM-000696,ENC-00469,PDK-100075,ondansetron,2024-05-07 13:00:00,5mg
ADM-000697,ENC-00471,PDK-100171,lisinopril,2024-01-06 22:00:00,5mg
ADM-000698,ENC-00471,PDK-100171,metformin,2024-01-06 04:00:00,500mg
ADM-000699,ENC-00471,PDK-100171,metformin,2024-01-05 18:00:00,2mg
ADM-000700,ENC-00472,PDK-100243,lisinopril,2024-03-05 10:00:00,10mg
ADM-000701,ENC-00472,PDK-100243,heparin,2024-03-06 11:00:00,2mg
ADM-000702,ENC-00472,PDK-100243,lisinopril,2024-03-03 04:00:00,2mg
ADM-000703,ENC-00473,PDK-100214,lisinopril,2024-07-05 04:00:00,10mg
ADM-000704,ENC-00474,PDK-100252,heparin,2024-02-22 17:00:00,10mg
ADM-000705,ENC-00474,PDK-100252,metformin,2024-02-21 17:00:00,500mg
ADM-000706,ENC-00475,PDK-100221,heparin,2024-03-02 16:00:00,500mg
ADM-000707,ENC-00475,PDK-100221,metformin,2024-03-07 06:00:00,500mg
ADM-000708,ENC-00475,PDK-100221,lisinopril,2024-03-08 03:00:00,5mg
ADM-000709,ENC-00477,PDK-100288,ondansetron,2024-01-30 04:00:00,2mg
ADM-000710,ENC-00477,PDK-100288,metformin,2024-01-23 16:00:00,500mg
ADM-000711,ENC-00479,PDK-100137,ondansetron,2024-07-17 18:00:00,2mg
ADM-000712,ENC-00479,PDK-100137,heparin,2024-07-09 16:00:00,2mg
ADM-000713,ENC-00479,PDK-100137,lisinopril,2024-07-09 06:00:00,5mg
ADM-000714,ENC-00480,PDK-100044,metformin,2024-06-27 14:00:00,500mg
ADM-000715,ENC-00481,PDK-100215,ondansetron,2024-07-28 10:00:00,2mg
ADM-000716,ENC-00481,PDK-100215,heparin,2024-08-01 16:00:00,10mg
ADM-000717,ENC-00481,PDK-100215,heparin,2024-07-25 20:00:00,5mg
ADM-000718,ENC-00482,PDK-100276,lisinopril,2024-06-20 06:00:00,5mg
ADM-000719,ENC-00482,PDK-100276,heparin,2024-06-22 14:00:00,500mg
ADM-000720,ENC-00483,PDK-100217,heparin,2024-09-16 13:00:00,5mg
ADM-000721,ENC-00483,PDK-100217,ondansetron,2024-09-15 22:00:00,10mg
ADM-000722,ENC-00483,PDK-100217,lisinopril,2024-09-15 23:00:00,500mg
ADM-000723,ENC-00484,PDK-100146,metformin,2024-10-23 04:00:00,2mg
ADM-000724,ENC-00484,PDK-100146,ondansetron,2024-10-21 18:00:00,5mg
ADM-000725,ENC-00484,PDK-100146,metformin,2024-10-29 02:00:00,10mg
ADM-000726,ENC-00485,PDK-100244,ondansetron,2024-04-25 19:00:00,2mg
ADM-000727,ENC-00485,PDK-100244,ondansetron,2024-04-26 09:00:00,2mg
ADM-000728,ENC-00487,PDK-100081,heparin,2024-10-17 00:00:00,500mg
ADM-000729,ENC-00487,PDK-100081,heparin,2024-10-18 05:00:00,5mg
ADM-000730,ENC-00488,PDK-100074,lisinopril,2024-03-21 18:00:00,2mg
ADM-000731,ENC-00489,PDK-100002,heparin,2024-03-09 01:00:00,2mg
ADM-000732,ENC-00489,PDK-100002,heparin,2024-03-11 09:00:00,2mg
ADM-000733,ENC-00489,PDK-100002,ondansetron,2024-03-11 22:00:00,10mg
ADM-000734,ENC-00490,PDK-100071,ondansetron,2024-09-20 00:00:00,2mg
ADM-000735,ENC-00490,PDK-100071,heparin,2024-09-16 00:00:00,2mg
ADM-000736,ENC-00490,PDK-100071,heparin,2024-09-16 22:00:00,10mg
ADM-000737,ENC-00491,PDK-100013,metformin,2024-10-23 01:00:00,2mg
ADM-000738,ENC-00492,PDK-100258,ondansetron,2024-01-10 06:00:00,500mg
ADM-000739,ENC-00493,PDK-100206,heparin,2024-01-25 00:00:00,5mg
ADM-000740,ENC-00493,PDK-100206,metformin,2024-01-29 19:00:00,10mg
ADM-000741,ENC-00493,PDK-100206,heparin,2024-01-25 13:00:00,10mg
ADM-000742,ENC-00494,PDK-100131,ondansetron,2024-02-15 13:00:00,500mg
ADM-000743,ENC-00494,PDK-100131,lisinopril,2024-02-17 05:00:00,500mg
ADM-000744,ENC-00495,PDK-100133,metformin,2024-07-11 18:00:00,5mg
ADM-000745,ENC-00495,PDK-100133,heparin,2024-07-12 06:00:00,2mg
ADM-000746,ENC-00495,PDK-100133,metformin,2024-07-12 07:00:00,5mg
ADM-000747,ENC-00496,PDK-100209,heparin,2024-04-29 19:00:00,2mg
ADM-000748,ENC-00497,PDK-100229,ondansetron,2024-02-12 22:00:00,5mg
ADM-000749,ENC-00497,PDK-100229,ondansetron,2024-02-18 05:00:00,10mg
ADM-000750,ENC-00497,PDK-100229,metformin,2024-02-13 07:00:00,2mg
ADM-000751,ENC-00499,PDK-100154,heparin,2024-02-21 19:00:00,500mg
ADM-000752,ENC-00499,PDK-100154,ondansetron,2024-02-17 22:00:00,10mg
