EncounterKey,PatientDurableKey,AdmitTs,DischargeTs,Department,LOSDays
ENC-00001,PDK-100011,2024-03-19 00:00:00,2024-03-23 00:00:00,SURG,4
ENC-00002,PDK-100084,2024-06-08 00:00:00,2024-06-10 00:00:00,MED,2
ENC-00003,PDK-100062,2024-10-16 00:00:00,2024-10-17 00:00:00,ICU,1
ENC-00004,PDK-100239,2024-08-11 00:00:00,2024-08-23 00:00:00,ICU,12
ENC-00005,PDK-100175,2024-05-23 00:00:00,2024-06-02 00:00:00,ICU,10
ENC-00006,PDK-100124,2024-07-27 00:00:00,2024-08-04 00:00:00,SURG,8
ENC-00007,PDK-100243,2024-10-10 00:00:00,2024-10-19 00:00:00,ICU,9
ENC-00008,PDK-100099,2024-06-10 00:00:00,2024-06-12 00:00:00,SURG,2
ENC-00009,PDK-100155,2024-01-08 00:00:00,2024-01-20 00:00:00,SURG,12
ENC-00010,PDK-100130,2024-09-01 00:00:00,2024-09-03 00:00:00,MED,2
ENC-00011,PDK-100128,2024-03-01 00:00:00,2024-03-10 00:00:00,ED,9
ENC-00012,PDK-100109,2024-05-15 00:00:00,2024-05-26 00:00:00,MED,11
ENC-00013,PDK-100241,2024-05-29 00:00:00,2024-05-30 00:00:00,SURG,1
ENC-00014,PDK-100077,2024-05-16 00:00:00,2024-05-19 00:00:00,MED,3
ENC-00015,PDK-100257,2024-10-03 00:00:00,2024-10-11 00:00:00,ED,8
ENC-00016,PDK-100296,2024-01-21 00:00:00,2024-01-24 00:00:00,ED,3
ENC-00017,PDK-100211,2024-09-10 00:00:00,2024-09-15 00:00:00,ED,5
ENC-00018,PDK-100278,2024-08-24 00:00:00,2024-08-31 00:00:00,MED,7
ENC-00019,PDK-100123,2024-03-22 00:00:00,2024-03-27 00:00:00,MED,5
ENC-00020,PDK-100283,2024-03-15 00:00:00,2024-03-22 00:00:00,SURG,7
ENC-00021,PDK-100276,2024-09-04 00:00:00,2024-09-10 00:00:00,ICU,6
ENC-00022,PDK-100163,2024-08-30 00:00:00,2024-09-11 00:00:00,ED,12
ENC-00023,PDK-100136,2024-06-22 00:00:00,2024-07-02 00:00:00,ED,10
ENC-00024,PDK-100117,2024-02-16 00:00:00,2024-02-23 00:00:00,MED,7
ENC-00025,PDK-100192,2024-08-08 00:00:00,2024-08-11 00:00:00,SURG,3
ENC-00026,PDK-100237,2024-05-10 00:00:00,2024-05-18 00:00:00,ICU,8
ENC-00027,PDK-100154,2024-08-05 00:00:00,2024-08-17 00:00:00,ICU,12
ENC-00028,PDK-100290,2024-01-26 00:00:00,2024-02-05 00:00:00,ED,10
ENC-00029,PDK-100018,2024-10-23 00:00:00,2024-10-29 00:00:00,SURG,6
ENC-00030,PDK-100152,2024-06-22 00:00:00,2024-06-24 00:00:00,ED,2
ENC-00031,PDK-100300,2024-07-14 00:00:00,2024-07-25 00:00:00,ICU,11
ENC-00032,PDK-100288,2024-06-16 00:00:00,2024-06-26 00:00:00,SURG,10
ENC-00033,PDK-100253,2024-02-29 00:00:00,2024-03-02 00:00:00,SURG,2
ENC-00034,PDK-100112,2024-08-15 00:00:00,2024-08-23 00:00:00,SURG,8
ENC-00035,PDK-100125,2024-03-05 00:00:00,2024-03-15 00:00:00,SURG,10
ENC-00036,PDK-100002,2024-05-21 00:00:00,2024-05-24 00:00:00,SURG,3
ENC-00037,PDK-100065,2024-08-03 00:00:00,2024-08-12 00:00:00,MED,9
ENC-00038,PDK-100235,2024-01-16 00:00:00,2024-01-17 00:00:00,ED,1
ENC-00039,PDK-100300,2024-10-07 00:00:00,2024-10-19 00:00:00,ICU,12
ENC-00040,PDK-100212,2024-06-22 00:00:00,2024-06-30 00:00:00,ED,8
ENC-00041,PDK-100288,2024-10-14 00:00:00,2024-10-20 00:00:00,MED,6
ENC-00042,PDK-100296,2024-09-16 00:00:00,2024-09-20 00:00:00,SURG,4
ENC-00043,PDK-100004,2024-04-02 00:00:00,2024-04-05 00:00:00,ED,3
ENC-00044,PDK-100047,2024-09-28 00:00:00,2024-10-02 00:00:00,ED,4
ENC-00045,PDK-100027,2024-03-20 00:00:00,2024-03-23 00:00:00,MED,3
ENC-00046,PDK-100146,2024-09-06 00:00:00,2024-09-15 00:00:00,ICU,9
ENC-00047,PDK-100004,2024-04-14 00:00:00,2024-04-19 00:00:00,SURG,5
ENC-00048,PDK-100255,2024-08-08 00:00:00,2024-08-11 00:00:00,SURG,3
ENC-00049,PDK-100208,2024-01-11 00:00:00,2024-01-17 00:00:00,SURG,6
ENC-00050,PDK-100203,2024-06-07 00:00:00,2024-06-19 00:00:00,ICU,12
ENC-00051,PDK-100272,2024-09-18 00:00:00,2024-09-22 00:00:00,ICU,4
ENC-00052,PDK-100091,2024-09-09 00:00:00,2024-09-17 00:00:00,ED,8
ENC-00053,PDK-100159,2024-08-24 00:00:00,2024-09-01 00:00:00,MED,8
ENC-00054,PDK-100047,2024-09-16 00:00:00,2024-09-23 00:00:00,ED,7
ENC-00055,PDK-100257,2024-03-18 00:00:00,2024-03-19 00:00:00,ED,1
ENC-00056,PDK-100259,2024-03-29 00:00:00,2024-03-30 00:00:00,SURG,1
ENC-00057,PDK-100172,2024-02-03 00:00:00,2024-02-09 00:00:00,MED,6
ENC-00058,PDK-100067,2024-02-13 00:00:00,2024-02-18 00:00:00,ED,5
ENC-00059,PDK-100249,2024-04-08 00:00:00,2024-04-12 00:00:00,SURG,4
ENC-00060,PDK-100173,2024-03-08 00:00:00,2024-03-18 00:00:00,ED,10
ENC-00061,PDK-100187,2024-05-01 00:00:00,2024-05-09 00:00:00,ICU,8
ENC-00062,PDK-100247,2024-07-09 00:00:00,2024-07-18 00:00:00,MED,9
ENC-00063,PDK-100224,2024-02-16 00:00:00,2024-02-20 00:00:00,ED,4
ENC-00064,PDK-100115,2024-01-15 00:00:00,2024-01-21 00:00:00,MED,6
ENC-00065,PDK-100041,2024-01-10 00:00:00,2024-01-15 00:00:00,SURG,5
ENC-00066,PDK-100123,2024-08-02 00:00:00,2024-08-13 00:00:00,ED,11
ENC-00067,PDK-100264,2024-10-21 00:00:00,2024-10-25 00:00:00,SURG,4
ENC-00068,PDK-100199,2024-07-10 00:00:00,2024-07-15 00:00:00,MED,5
ENC-00069,PDK-100298,2024-06-19 00:00:00,2024-06-22 00:00:00,MED,3
ENC-00070,PDK-100022,2024-06-10 00:00:00,2024-06-15 00:00:00,ED,5
ENC-00071,PDK-100226,2024-07-16 00:00:00,2024-07-22 00:00:00,SURG,6
ENC-00072,PDK-100229,2024-08-06 00:00:00,2024-08-09 00:00:00,ED,3
ENC-00073,PDK-100016,2024-03-14 00:00:00,2024-03-24 00:00:00,ED,10
ENC-00074,PDK-100291,2024-01-17 00:00:00,2024-01-27 00:00:00,SURG,10
ENC-00075,PDK-100288,2024-03-01 00:00:00,2024-03-06 00:00:00,ICU,5
ENC-00076,PDK-100282,2024-10-04 00:00:00,2024-10-09 00:00:00,ICU,5
ENC-00077,PDK-100103,2024-03-12 00:00:00,2024-03-16 00:00:00,ED,4
ENC-00078,PDK-100204,2024-09-02 00:00:00,2024-09-11 00:00:00,ED,9
ENC-00079,PDK-100064,2024-09-22 00:00:00,2024-09-25 00:00:00,ICU,3
ENC-00080,PDK-100065,2024-06-04 00:00:00,2024-06-14 00:00:00,MED,10
ENC-00081,PDK-100108,2024-10-19 00:00:00,2024-10-26 00:00:00,MED,7
ENC-00082,PDK-100248,2024-08-25 00:00:00,2024-08-29 00:00:00,ICU,4
ENC-00083,PDK-100127,2024-03-13 00:00:00,2024-03-15 00:00:00,MED,2
ENC-00084,PDK-100255,2024-01-12 00:00:00,2024-01-14 00:00:00,ED,2
ENC-00085,PDK-100207,2024-07-06 00:00:00,2024-07-07 00:00:00,ED,1
ENC-00086,PDK-100038,2024-07-16 00:00:00,2024-07-25 00:00:00,ED,9
ENC-00087,PDK-100257,2024-01-21 00:00:00,2024-01-22 00:00:00,MED,1
ENC-00088,PDK-100084,2024-07-20 00:00:00,2024-07-30 00:00:00,ICU,10
ENC-00089,PDK-100189,2024-06-18 00:00:00,2024-06-29 00:00:00,MED,11
ENC-00090,PDK-100269,2024-07-13 00:00:00,2024-07-16 00:00:00,SURG,3
ENC-00091,PDK-100098,2024-01-10 00:00:00,2024-01-18 00:00:00,ICU,8
ENC-00092,PDK-100071,2024-09-22 00:00:00,2024-09-26 00:00:00,ICU,4
ENC-00093,PDK-100286,2024-06-01 00:00:00,2024-06-05 00:00:00,ICU,4
ENC-00094,PDK-100149,2024-01-22 00:00:00,2024-01-27 00:00:00,MED,5
ENC-00095,PDK-100272,2024-04-25 00:00:00,2024-05-06 00:00:00,SURG,11
ENC-00096,PDK-100244,2024-09-01 00:00:00,2024-09-12 00:00:00,SURG,11
ENC-00097,PDK-100091,2024-01-19 00:00:00,2024-01-26 00:00:00,ED,7
ENC-00098,PDK-100172,2024-05-25 00:00:00,2024-06-02 00:00:00,ED,8
ENC-00099,PDK-100170,2024-03-24 00:00:00,2024-04-05 00:00:00,ED,12
ENC-00100,PDK-100264,2024-06-16 00:00:00,2024-06-18 00:00:00,ED,2
ENC-00101,PDK-100155,2024-10-25 00:00:00,2024-11-06 00:00:00,MED,12
ENC-00102,PDK-100114,2024-04-22 00:00:00,2024-04-25 00:00:00,ED,3
ENC-00103,PDK-100281,2024-09-15 00:00:00,2024-09-19 00:00:00,SURG,4
ENC-00104,PDK-100029,2024-08-20 00:00:00,2024-08-23 00:00:00,ED,3
ENC-00105,PDK-100036,2024-08-29 00:00:00,2024-08-30 00:00:00,ICU,1
ENC-00106,PDK-100115,2024-01-02 00:00:00,2024-01-03 00:00:00,ICU,1
ENC-00107,PDK-100017,2024-08-02 00:00:00,2024-08-12 00:00:00,MED,10
ENC-00108,PDK-100229,2024-01-25 00:00:00,2024-01-29 00:00:00,MED,4
ENC-00109,PDK-100122,2024-06-03 00:00:00,2024-06-06 00:00:00,SURG,3
ENC-00110,PDK-100095,2024-10-02 00:00:00,2024-10-10 00:00:00,SURG,8
ENC-00111,PDK-100231,2024-07-08 00:00:00,2024-07-10 00:00:00,SURG,2
ENC-00112,PDK-100038,2024-04-06 00:00:00,2024-04-16 00:00:00,SURG,10
ENC-00113,PDK-100195,2024-08-26 00:00:00,2024-09-04 00:00:00,ICU,9
ENC-00114,PDK-100009,2024-05-13 00:00:00,2024-05-22 00:00:00,ED,9
ENC-00115,PDK-100132,2024-09-07 00:00:00,2024-09-19 00:00:00,ED,12
ENC-00116,PDK-100269,2024-01-18 00:00:00,2024-01-20 00:00:00,MED,2
ENC-00117,PDK-100005,2024-04-21 00:00:00,2024-04-30 00:00:00,ED,9
ENC-00118,PDK-100269,2024-03-17 00:00:00,2024-03-21 00:00:00,SURG,4
ENC-00119,PDK-100195,2024-07-12 00:00:00,2024-07-21 00:00:00,ED,9
ENC-00120,PDK-100170,2024-10-16 00:00:00,2024-10-18 00:00:00,MED,2
ENC-00121,PDK-100144,2024-10-05 00:00:00,2024-10-15 00:00:00,MED,10
ENC-00122,PDK-100154,2024-03-24 00:00:00,2024-04-03 00:00:00,SURG,10
ENC-00123,PDK-100175,2024-07-22 00:00:00,2024-07-28 00:00:00,MED,6
ENC-00124,PDK-100195,2024-03-19 00:00:00,2024-03-31 00:00:00,ED,12
ENC-00125,PDK-100230,2024-10-12 00:00:00,2024-10-21 00:00:00,ED,9
ENC-00126,PDK-100212,2024-07-17 00:00:00,2024-07-19 00:00:00,SURG,2
ENC-00127,PDK-100142,2024-08-03 00:00:00,2024-08-08 00:00:00,ED,5
ENC-00128,PDK-100235,2024-02-24 00:00:00,2024-02-27 00:00:00,ICU,3
ENC-00129,PDK-100161,2024-03-31 00:00:00,2024-04-07 00:00:00,ICU,7
ENC-00130,PDK-100237,2024-04-17 00:00:00,2024-04-25 00:00:00,ICU,8
ENC-00131,PDK-100230,2024-09-02 00:00:00,2024-09-12 00:00:00,ED,10
ENC-00132,PDK-100221,2024-02-24 00:00:00,2024-02-25 00:00:00,MED,1
ENC-00133,PDK-100054,2024-05-31 00:00:00,2024-06-07 00:00:00,MED,7
ENC-00134,PDK-100050,2024-08-12 00:00:00,2024-08-24 00:00:00,ED,12
ENC-00135,PDK-100170,2024-10-13 00:00:00,2024-10-20 00:00:00,ED,7
ENC-00136,PDK-100106,2024-05-22 00:00:00,2024-06-03 00:00:00,MED,12
ENC-00137,PDK-100271,2024-06-09 00:00:00,2024-06-19 00:00:00,ED,10
ENC-00138,PDK-100157,2024-02-29 00:00:00,2024-03-03 00:00:00,ICU,3
ENC-00139,PDK-100250,2024-10-02 00:00:00,2024-10-14 00:00:00,SURG,12
ENC-00140,PDK-100100,2024-07-15 00:00:00,2024-07-24 00:00:00,ED,9
ENC-00141,PDK-100113,2024-05-29 00:00:00,2024-05-30 00:00:00,ICU,1
ENC-00142,PDK-100280,2024-04-21 00:00:00,2024-04-28 00:00:00,MED,7
ENC-00143,PDK-100220,2024-03-25 00:00:00,2024-04-04 00:00:00,SURG,10
ENC-00144,PDK-100264,2024-02-18 00:00:00,2024-02-21 00:00:00,ED,3
ENC-00145,PDK-100165,2024-05-06 00:00:00,2024-05-17 00:00:00,ED,11
ENC-00146,PDK-100207,2024-09-20 00:00:00,2024-10-02 00:00:00,ICU,12
ENC-00147,PDK-100235,2024-07-02 00:00:00,2024-07-04 00:00:00,ED,2
ENC-00148,PDK-100024,2024-02-20 00:00:00,2024-03-02 00:00:00,ED,11
ENC-00149,PDK-100185,2024-05-08 00:00:00,2024-05-10 00:00:00,ICU,2
ENC-00150,PDK-100049,2024-01-01 00:00:00,2024-01-05 00:00:00,ED,4
ENC-00151,PDK-100176,2024-03-02 00:00:00,2024-03-09 00:00:00,SURG,7
ENC-00152,PDK-100036,2024-09-28 00:00:00,2024-10-08 00:00:00,MED,10
ENC-00153,PDK-100112,2024-02-14 00:00:00,2024-02-16 00:00:00,SURG,2
ENC-00154,PDK-100014,2024-06-03 00:00:00,2024-06-07 00:00:00,SURG,4
ENC-00155,PDK-100271,2024-01-07 00:00:00,2024-01-13 00:00:00,ICU,6
ENC-00156,PDK-100035,2024-01-08 00:00:00,2024-01-13 00:00:00,SURG,5
ENC-00157,PDK-100143,2024-02-12 00:00:00,2024-02-17 00:00:00,MED,5
ENC-00158,PDK-100159,2024-08-11 00:00:00,2024-08-23 00:00:00,SURG,12
ENC-00159,PDK-100084,2024-09-11 00:00:00,2024-09-17 00:00:00,ICU,6
ENC-00160,PDK-100016,2024-06-20 00:00:00,2024-06-27 00:00:00,ICU,7
ENC-00161,PDK-100255,2024-08-21 00:00:00,2024-08-30 00:00:00,ICU,9
ENC-00162,PDK-100053,2024-10-20 00:00:00,2024-10-31 00:00:00,MED,11
ENC-00163,PDK-100197,2024-03-17 00:00:00,2024-03-20 00:00:00,MED,3
ENC-00164,PDK-100206,2024-02-05 00:00:00,2024-02-13 00:00:00,ICU,8
ENC-00165,PDK-100125,2024-08-25 00:00:00,2024-08-31 00:00:00,ED,6
ENC-00166,PDK-100106,2024-09-28 00:00:00,2024-10-02 00:00:00,ED,4
ENC-00167,PDK-100223,2024-03-07 00:00:00,2024-03-11 00:00:00,ICU,4
ENC-00168,PDK-100231,2024-08-26 00:00:00,2024-09-01 00:00:00,ED,6
ENC-00169,PDK-100136,2024-03-02 00:00:00,2024-03-04 00:00:00,SURG,2
ENC-00170,PDK-100154,2024-05-13 00:00:00,2024-05-16 00:00:00,MED,3
ENC-00171,PDK-100114,2024-03-07 00:00:00,2024-03-11 00:00:00,ED,4
ENC-00172,PDK-100203,2024-09-11 00:00:00,2024-09-12 00:00:00,ED,1
ENC-00173,PDK-100126,2024-05-31 00:00:00,2024-06-08 00:00:00,ED,8
ENC-00174,PDK-100246,2024-10-05 00:00:00,2024-10-13 00:00:00,ICU,8
ENC-00175,PDK-100242,2024-09-28 00:00:00,2024-10-04 00:00:00,SURG,6
ENC-00176,PDK-100122,2024-06-11 00:00:00,2024-06-23 00:00:00,ICU,12
ENC-00177,PDK-100090,2024-09-08 00:00:00,2024-09-09 00:00:00,MED,1
ENC-00178,PDK-100001,2024-06-18 00:00:00,2024-06-28 00:00:00,SURG,10
ENC-00179,PDK-100076,2024-10-27 00:00:00,2024-11-08 00:00:00,SURG,12
ENC-00180,PDK-100192,2024-07-21 00:00:00,2024-07-31 00:00:00,MED,10
ENC-00181,PDK-100066,2024-03-31 00:00:00,2024-04-12 00:00:00,MED,12
ENC-00182,PDK-100255,2024-03-13 00:00:00,2024-03-19 00:00:00,MED,6
ENC-00183,PDK-100172,2024-08-16 00:00:00,2024-08-17 00:00:00,ICU,1
ENC-00184,PDK-100001,2024-01-25 00:00:00,2024-02-01 00:00:00,ED,7
ENC-00185,PDK-100054,2024-02-07 00:00:00,2024-02-13 00:00:00,SURG,6
ENC-00186,PDK-100221,2024-03-25 00:00:00,2024-04-04 00:00:00,ED,10
ENC-00187,PDK-100145,2024-06-01 00:00:00,2024-06-05 00:00:00,MED,4
ENC-00188,PDK-100103,2024-02-19 00:00:00,2024-02-20 00:00:00,SURG,1
ENC-00189,PDK-100095,2024-07-08 00:00:00,2024-07-15 00:00:00,ICU,7
ENC-00190,PDK-100117,2024-10-10 00:00:00,2024-10-11 00:00:00,ED,1
ENC-00191,PDK-100258,2024-10-19 00:00:00,2024-10-28 00:00:00,SURG,9
ENC-00192,PDK-100065,2024-01-22 00:00:00,2024-01-29 00:00:00,MED,7
ENC-00193,PDK-100058,2024-07-31 00:00:00,2024-08-03 00:00:00,SURG,3
ENC-00194,PDK-100147,2024-10-01 00:00:00,2024-10-07 00:00:00,ED,6
ENC-00195,PDK-100206,2024-01-20 00:00:00,2024-01-27 00:00:00,ICU,7
ENC-00196,PDK-100173,2024-06-04 00:00:00,2024-06-09 00:00:00,ICU,5
ENC-00197,PDK-100029,2024-09-20 00:00:00,2024-09-23 00:00:00,MED,3
ENC-00198,PDK-100128,2024-01-17 00:00:00,2024-01-25 00:00:00,MED,8
ENC-00199,PDK-100016,2024-05-03 00:00:00,2024-05-09 00:00:00,ED,6
ENC-00200,PDK-100146,2024-01-15 00:00:00,2024-01-22 00:00:00,MED,7
ENC-00201,PDK-100263,2024-01-11 00:00:00,2024-01-22 00:00:00,MED,11
ENC-00202,PDK-100239,2024-06-03 00:00:00,2024-06-14 00:00:00,ED,11
ENC-00203,PDK-100142,2024-06-15 00:00:00,2024-06-20 00:00:00,ICU,5
ENC-00204,PDK-100208,2024-07-17 00:00:00,2024-07-29 00:00:00,MED,12
ENC-00205,PDK-100066,2024-05-12 00:00:00,2024-05-24 00:00:00,SURG,12
ENC-00206,PDK-100242,2024-04-09 00:00:00,2024-04-18 00:00:00,MED,9
ENC-00207,PDK-100161,2024-01-30 00:00:00,2024-01-31 00:00:00,ED,1
ENC-00208,PDK-100207,2024-08-07 00:00:00,2024-08-15 00:00:00,ED,8
ENC-00209,PDK-100272,2024-04-07 00:00:00,2024-04-08 00:00:00,MED,1
ENC-00210,PDK-100197,2024-09-14 00:00:00,2024-09-24 00:00:00,ICU,10
ENC-00211,PDK-100085,2024-07-25 00:00:00,2024-07-26 00:00:00,SURG,1
ENC-00212,PDK-100193,2024-05-10 00:00:00,2024-05-19 00:00:00,MED,9
ENC-00213,PDK-100025,2024-02-29 00:00:00,2024-03-07 00:00:00,ED,7
ENC-00214,PDK-100155,2024-08-03 00:00:00,2024-08-14 00:00:00,MED,11
ENC-00215,PDK-100145,2024-02-28 00:00:00,2024-03-01 00:00:00,ED,2
ENC-00216,PDK-100152,2024-03-23 00:00:00,2024-03-24 00:00:00,ED,1
ENC-00217,PDK-100046,2024-02-26 00:00:00,2024-03-07 00:00:00,ED,10
ENC-00218,PDK-100132,2024-04-28 00:00:00,2024-05-06 00:00:00,ICU,8
ENC-00219,PDK-100071,2024-03-28 00:00:00,2024-04-03 00:00:00,ICU,6
ENC-00220,PDK-100031,2024-03-22 00:00:00,2024-03-24 00:00:00,ED,2
ENC-00221,PDK-100211,2024-08-13 00:00:00,2024-08-14 00:00:00,MED,1
ENC-00222,PDK-100222,2024-05-07 00:00:00,2024-05-15 00:00:00,ICU,8
ENC-00223,PDK-100252,2024-06-13 00:00:00,2024-06-17 00:00:00,ICU,4
ENC-00224,PDK-100294,2024-08-17 00:00:00,2024-08-19 00:00:00,ED,2
ENC-00225,PDK-100047,2024-06-04 00:00:00,2024-06-13 00:00:00,SURG,9
ENC-00226,PDK-100150,2024-10-07 00:00:00,2024-10-16 00:00:00,ICU,9
ENC-00227,PDK-100111,2024-08-22 00:00:00,2024-08-26 00:00:00,ICU,4
ENC-00228,PDK-100231,2024-08-22 00:00:00,2024-09-02 00:00:00,SURG,11
ENC-00229,PDK-100165,2024-09-15 00:00:00,2024-09-22 00:00:00,ED,7
ENC-00230,PDK-100149,2024-06-25 00:00:00,2024-07-06 00:00:00,SURG,11
ENC-00231,PDK-100013,2024-07-14 00:00:00,2024-07-17 00:00:00,MED,3
ENC-00232,PDK-100032,2024-05-31 00:00:00,2024-06-04 00:00:00,MED,4
ENC-00233,PDK-100025,2024-07-14 00:00:00,2024-07-21 00:00:00,ED,7
ENC-00234,PDK-100096,2024-03-29 00:00:00,2024-04-10 00:00:00,MED,12
ENC-00235,PDK-100170,2024-08-26 00:00:00,2024-09-07 00:00:00,SURG,12
ENC-00236,PDK-100155,2024-09-08 00:00:00,2024-09-18 00:00:00,ICU,10
ENC-00237,PDK-100259,2024-03-22 00:00:00,2024-03-29 00:00:00,ED,7
ENC-00238,PDK-100151,2024-04-21 00:00:00,2024-05-01 00:00:00,ED,10
ENC-00239,PDK-100196,2024-02-28 00:00:00,2024-03-06 00:00:00,ICU,7
ENC-00240,PDK-100152,2024-04-08 00:00:00,2024-04-14 00:00:00,MED,6
ENC-00241,PDK-100034,2024-04-17 00:00:00,2024-04-28 00:00:00,SURG,11
ENC-00242,PDK-100020,2024-02-14 00:00:00,2024-02-16 00:00:00,MED,2
ENC-00243,PDK-100009,2024-07-18 00:00:00,2024-07-29 00:00:00,MED,11
ENC-00244,PDK-100038,2024-07-02 00:00:00,2024-07-11 00:00:00,MED,9
ENC-00245,PDK-100243,2024-03-21 00:00:00,2024-03-30 00:00:00,SURG,9
ENC-00246,PDK-100294,2024-07-20 00:00:00,2024-07-29 00:00:00,MED,9
ENC-00247,PDK-100130,2024-04-09 00:00:00,2024-04-11 00:00:00,SURG,2
ENC-00248,PDK-100149,2024-02-04 00:00:00,2024-02-09 00:00:00,MED,5
ENC-00249,PDK-100036,2024-04-09 00:00:00,2024-04-15 00:00:00,ED,6
ENC-00250,PDK-100170,2024-09-02 00:00:00,2024-09-10 00:00:00,ED,8
ENC-00251,PDK-100144,2024-03-12 00:00:00,2024-03-21 00:00:00,SURG,9
ENC-00252,PDK-100149,2024-03-09 00:00:00,2024-03-17 00:00:00,MED,8
ENC-00253,PDK-100290,2024-10-16 00:00:00,2024-10-27 00:00:00,SURG,11
ENC-00254,PDK-100199,2024-08-28 00:00:00,2024-09-05 00:00:00,MED,8
ENC-00255,PDK-100188,2024-10-27 00:00:00,2024-11-07 00:00:00,MED,11
ENC-00256,PDK-100109,2024-03-17 00:00:00,2024-03-20 00:00:00,SURG,3
ENC-00257,PDK-100247,2024-09-02 00:00:00,2024-09-10 00:00:00,SURG,8
ENC-00258,PDK-100294,2024-03-16 00:00:00,2024-03-17 00:00:00,SURG,1
ENC-00259,PDK-100113,2024-07-29 00:00:00,2024-08-08 00:00:00,SURG,10
ENC-00260,PDK-100068,2024-02-25 00:00:00,2024-02-26 00:00:00,SURG,1
ENC-00261,PDK-100048,2024-09-03 00:00:00,2024-09-14 00:00:00,SURG,11
ENC-00262,PDK-100069,2024-05-10 00:00:00,2024-05-18 00:00:00,SURG,8
ENC-00263,PDK-100162,2024-07-28 00:00:00,2024-08-03 00:00:00,MED,6
ENC-00264,PDK-100130,2024-06-06 00:00:00,2024-06-16 00:00:00,ICU,10
ENC-00265,PDK-100282,2024-01-27 00:00:00,2024-01-30 00:00:00,ED,3
ENC-00266,PDK-100206,2024-09-23 00:00:00,2024-09-28 00:00:00,MED,5
ENC-00267,PDK-100185,2024-05-02 00:00:00,2024-05-13 00:00:00,MED,11
ENC-00268,PDK-100116,2024-04-09 00:00:00,2024-04-17 00:00:00,ED,8
ENC-00269,PDK-100227,2024-07-12 00:00:00,2024-07-22 00:00:00,ED,10
ENC-00270,PDK-100247,2024-02-29 00:00:00,2024-03-05 00:00:00,MED,5
ENC-00271,PDK-100039,2024-10-10 00:00:00,2024-10-13 00:00:00,ED,3
ENC-00272,PDK-100124,2024-05-15 00:00:00,2024-05-19 00:00:00,SURG,4
ENC-00273,PDK-100041,2024-09-09 00:00:00,2024-09-19 00:00:00,MED,10
ENC-00274,PDK-100204,2024-04-23 00:00:00,2024-05-03 00:00:00,SURG,10
ENC-00275,PDK-100162,2024-01-05 00:00:00,2024-01-06 00:00:00,SURG,1
ENC-00276,PDK-100256,2024-08-05 00:00:00,2024-08-09 00:00:00,ED,4
ENC-00277,PDK-100121,2024-10-11 00:00:00,2024-10-18 00:00:00,ED,7
ENC-00278,PDK-100265,2024-09-30 00:00:00,2024-10-12 00:00:00,ICU,12
ENC-00279,PDK-100111,2024-05-10 00:00:00,2024-05-18 00:00:00,MED,8
ENC-00280,PDK-100211,2024-03-03 00:00:00,2024-03-09 00:00:00,SURG,6
ENC-00281,PDK-100293,2024-07-26 00:00:00,2024-07-28 00:00:00,MED,2
ENC-00282,PDK-100267,2024-08-18 00:00:00,2024-08-25 00:00:00,SURG,7
ENC-00283,PDK-100033,2024-08-30 00:00:00,2024-09-08 00:00:00,MED,9
ENC-00284,PDK-100054,2024-05-14 00:00:00,2024-05-24 00:00:00,SURG,10
ENC-00285,PDK-100227,2024-03-05 00:00:00,2024-03-08 00:00:00,SURG,3
ENC-00286,PDK-100070,2024-10-03 00:00:00,2024-10-06 00:00:00,ED,3
ENC-00287,PDK-100001,2024-09-24 00:00:00,2024-09-27 00:00:00,ICU,3
ENC-00288,PDK-100221,2024-05-29 00:00:00,2024-06-08 00:00:00,SURG,10
ENC-00289,PDK-100203,2024-05-07 00:00:00,2024-05-10 00:00:00,ED,3
ENC-00290,PDK-100094,2024-03-10 00:00:00,2024-03-15 00:00:00,MED,5
ENC-00291,PDK-100274,2024-01-12 00:00:00,2024-01-15 00:00:00,MED,3
ENC-00292,PDK-100253,2024-04-21 00:00:00,2024-04-27 00:00:00,ED,6
ENC-00293,PDK-100075,2024-01-29 00:00:00,2024-02-03 00:00:00,ED,5
ENC-00294,PDK-100196,2024-01-07 00:00:00,2024-01-09 00:00:00,SURG,2
ENC-00295,PDK-100166,2024-03-22 00:00:00,2024-04-02 00:00:00,MED,11
ENC-00296,PDK-100223,2024-06-15 00:00:00,2024-06-16 00:00:00,SURG,1
ENC-00297,PDK-100031,2024-01-31 00:00:00,2024-02-06 00:00:00,SURG,6
ENC-00298,PDK-100225,2024-04-08 00:00:00,2024-04-09 00:00:00,ED,1
ENC-00299,PDK-100141,2024-10-10 00:00:00,2024-10-13 00:00:00,MED,3
ENC-00300,PDK-100123,2024-06-13 00:00:00,2024-06-25 00:00:00,MED,12
ENC-00301,PDK-100017,2024-04-13 00:00:00,2024-04-15 00:00:00,ED,2
ENC-00302,PDK-100252,2024-02-10 00:00:00,2024-02-18 00:00:00,MED,8
ENC-00303,PDK-100266,2024-02-19 00:00:00,2024-02-21 00:00:00,SURG,2
ENC-00304,PDK-100282,2024-07-24 00:00:00,2024-08-02 00:00:00,ICU,9
ENC-00305,PDK-100289,2024-10-06 00:00:00,2024-10-10 00:00:00,ED,4
ENC-00306,PDK-100146,2024-01-09 00:00:00,2024-01-18 00:00:00,SURG,9
ENC-00307,PDK-100071,2024-05-15 00:00:00,2024-05-21 00:00:00,SURG,6
ENC-00308,PDK-100296,2024-07-14 00:00:00,2024-07-16 00:00:00,MED,2
ENC-00309,PDK-100196,2024-01-28 00:00:00,2024-02-02 00:00:00,MED,5
ENC-00310,PDK-100229,2024-10-21 00:00:00,2024-10-30 00:00:00,MED,9
ENC-00311,PDK-100293,2024-01-26 00:00:00,2024-02-04 00:00:00,ED,9
ENC-00312,PDK-100250,2024-07-21 00:00:00,2024-08-01 00:00:00,SURG,11
ENC-00313,PDK-100098,2024-06-13 00:00:00,2024-06-19 00:00:00,MED,6
ENC-00314,PDK-100076,2024-05-27 00:00:00,2024-05-28 00:00:00,ICU,1
ENC-00315,PDK-100010,2024-07-11 00:00:00,2024-07-21 00:00:00,MED,10
ENC-00316,PDK-100185,2024-02-25 00:00:00,2024-02-26 00:00:00,ICU,1
ENC-00317,PDK-100096,2024-04-11 00:00:00,2024-04-20 00:00:00,ED,9
ENC-00318,PDK-100181,2024-06-30 00:00:00,2024-07-11 00:00:00,ICU,11
ENC-00319,PDK-100202,2024-03-11 00:00:00,2024-03-13 00:00:00,ED,2
ENC-00320,PDK-100298,2024-10-04 00:00:00,2024-10-15 00:00:00,SURG,11
ENC-00321,PDK-100095,2024-06-11 00:00:00,2024-06-14 00:00:00,MED,3
ENC-00322,PDK-100137,2024-10-17 00:00:00,2024-10-27 00:00:00,SURG,10
ENC-00323,PDK-100084,2024-04-08 00:00:00,2024-04-12 00:00:00,MED,4
ENC-00324,PDK-100091,2024-08-12 00:00:00,2024-08-22 00:00:00,ED,10
ENC-00325,PDK-100266,2024-10-02 00:00:00,2024-10-09 00:00:00,MED,7
ENC-00326,PDK-100047,2024-09-13 00:00:00,2024-09-15 00:00:00,SURG,2
ENC-00327,PDK-100092,2024-08-20 00:00:00,2024-08-30 00:00:00,SURG,10
ENC-00328,PDK-100231,2024-07-04 00:00:00,2024-07-06 00:00:00,ED,2
ENC-00329,PDK-100215,2024-06-06 00:00:00,2024-06-11 00:00:00,ED,5
ENC-00330,PDK-100253,2024-05-01 00:00:00,2024-05-05 00:00:00,ED,4
ENC-00331,PDK-100029,2024-06-27 00:00:00,2024-06-28 00:00:00,SURG,1
ENC-00332,PDK-100083,2024-05-25 00:00:00,2024-06-04 00:00:00,SURG,10
ENC-00333,PDK-100219,2024-10-08 00:00:00,2024-10-10 00:00:00,ICU,2
ENC-00334,PDK-100056,2024-10-19 00:00:00,2024-10-31 00:00:00,MED,12
ENC-00335,PDK-100149,2024-04-09 00:00:00,2024-04-10 00:00:00,MED,1
ENC-00336,PDK-100107,2024-07-31 00:00:00,2024-08-07 00:00:00,MED,7
ENC-00337,PDK-100004,2024-02-28 00:00:00,2024-03-10 00:00:00,ICU,11
ENC-00338,PDK-100029,2024-09-23 00:00:00,2024-09-28 00:00:00,ICU,5
ENC-00339,PDK-100174,2024-07-11 00:00:00,2024-07-22 00:00:00,SURG,11
ENC-00340,PDK-100255,2024-05-01 00:00:00,2024-05-07 00:00:00,ED,6
ENC-00341,PDK-100248,2024-09-13 00:00:00,2024-09-16 00:00:00,SURG,3
ENC-00342,PDK-100199,2024-09-24 00:00:00,2024-09-26 00:00:00,MED,2
ENC-00343,PDK-100099,2024-05-26 00:00:00,2024-05-31 00:00:00,ICU,5
ENC-00344,PDK-100106,2024-10-04 00:00:00,2024-10-10 00:00:00,ICU,6
ENC-00345,PDK-100242,2024-01-26 00:00:00,2024-01-28 00:00:00,ED,2
ENC-00346,PDK-100239,2024-10-17 00:00:00,2024-10-20 00:00:00,MED,3
ENC-00347,PDK-100250,2024-01-16 00:00:00,2024-01-18 00:00:00,ED,2
ENC-00348,PDK-100167,2024-10-11 00:00:00,2024-10-22 00:00:00,MED,11
ENC-00349,PDK-100034,2024-06-23 00:00:00,2024-06-27 00:00:00,ED,4
ENC-00350,PDK-100208,2024-02-05 00:00:00,2024-02-15 00:00:00,MED,10
ENC-00351,PDK-100076,2024-03-17 00:00:00,2024-03-25 00:00:00,ICU,8
ENC-00352,PDK-100262,2024-07-25 00:00:00,2024-07-28 00:00:00,ICU,3
ENC-00353,PDK-100001,2024-10-13 00:00:00,2024-10-19 00:00:00,MED,6
ENC-00354,PDK-100089,2024-08-31 00:00:00,2024-09-03 00:00:00,SURG,3
ENC-00355,PDK-100009,2024-03-14 00:00:00,2024-03-26 00:00:00,ED,12
ENC-00356,PDK-100283,2024-08-18 00:00:00,2024-08-25 00:00:00,ICU,7
ENC-00357,PDK-100189,2024-02-27 00:00:00,2024-03-08 00:00:00,ED,10
ENC-00358,PDK-100040,2024-10-03 00:00:00,2024-10-13 00:00:00,ICU,10
ENC-00359,PDK-100241,2024-08-20 00:00:00,2024-08-29 00:00:00,ED,9
ENC-00360,PDK-100150,2024-01-14 00:00:00,2024-01-19 00:00:00,ED,5
ENC-00361,PDK-100143,2024-05-09 00:00:00,2024-05-12 00:00:00,ICU,3
ENC-00362,PDK-100134,2024-04-30 00:00:00,2024-05-08 00:00:00,SURG,8
ENC-00363,PDK-100197,2024-05-01 00:00:00,2024-05-12 00:00:00,ED,11
ENC-00364,PDK-100155,2024-08-31 00:00:00,2024-09-12 00:00:00,SURG,12
ENC-00365,PDK-100139,2024-05-16 00:00:00,2024-05-18 00:00:00,ICU,2
ENC-00366,PDK-100005,2024-02-04 00:00:00,2024-02-05 00:00:00,ED,1
ENC-00367,PDK-100030,2024-04-21 00:00:00,2024-05-01 00:00:00,MED,10
ENC-00368,PDK-100057,2024-04-04 00:00:00,2024-04-09 00:00:00,ICU,5
ENC-00369,PDK-100196,2024-07-17 00:00:00,2024-07-23 00:00:00,MED,6
ENC-00370,PDK-100133,2024-02-22 00:00:00,2024-02-23 00:00:00,MED,1
ENC-00371,PDK-100020,2024-07-18 00:00:00,2024-07-23 00:00:00,SURG,5
ENC-00372,PDK-100171,2024-06-04 00:00:00,2024-06-11 00:00:00,MED,7
ENC-00373,PDK-100197,2024-04-07 00:00:00,2024-04-12 00:00:00,ED,5
ENC-00374,PDK-100225,2024-04-07 00:00:00,2024-04-10 00:00:00,MED,3
ENC-00375,PDK-100277,2024-06-06 00:00:00,2024-06-14 00:00:00,ED,8
ENC-00376,PDK-100173,2024-01-22 00:00:00,2024-01-29 00:00:00,MED,7
ENC-00377,PDK-100073,2024-09-07 00:00:00,2024-09-18 00:00:00,MED,11
ENC-00378,PDK-100255,2024-04-22 00:00:00,2024-04-24 00:00:00,SURG,2
ENC-00379,PDK-100141,2024-03-13 00:00:00,2024-03-20 00:00:00,SURG,7
ENC-00380,PDK-100081,2024-01-09 00:00:00,2024-01-17 00:00:00,MED,8
ENC-00381,PDK-100146,2024-08-01 00:00:00,2024-08-13 00:00:00,ED,12
ENC-00382,PDK-100215,2024-01-03 00:00:00,2024-01-12 00:00:00,SURG,9
ENC-00383,PDK-100142,2024-01-28 00:00:00,2024-02-01 00:00:00,MED,4
ENC-00384,PDK-100028,2024-07-05 00:00:00,2024-07-10 00:00:00,SURG,5
ENC-00385,PDK-100249,2024-09-20 00:00:00,2024-09-22 00:00:00,MED,2
ENC-00386,PDK-100212,2024-04-12 00:00:00,2024-04-19 00:00:00,SURG,7
ENC-00387,PDK-100070,2024-08-22 00:00:00,2024-09-03 00:00:00,SURG,12
ENC-00388,PDK-100144,2024-03-10 00:00:00,2024-03-12 00:00:00,ED,2
ENC-00389,PDK-100268,2024-09-07 00:00:00,2024-09-11 00:00:00,ED,4
ENC-00390,PDK-100218,2024-09-28 00:00:00,2024-10-05 00:00:00,ED,7
ENC-00391,PDK-100209,2024-04-21 00:00:00,2024-04-24 00:00:00,ICU,3
ENC-00392,PDK-100238,2024-03-11 00:00:00,2024-03-23 00:00:00,ED,12
ENC-00393,PDK-100037,2024-07-16 00:00:00,2024-07-28 00:00:00,ICU,12
ENC-00394,PDK-100027,2024-02-26 00:00:00,2024-03-04 00:00:00,ICU,7
ENC-00395,PDK-100288,2024-04-14 00:00:00,2024-04-17 00:00:00,ICU,3
ENC-00396,PDK-100137,2024-09-14 00:00:00,2024-09-25 00:00:00,ED,11
ENC-00397,PDK-100241,2024-09-29 00:00:00,2024-10-10 00:00:00,ICU,11
ENC-00398,PDK-100078,2024-04-14 00:00:00,2024-04-23 00:00:00,MED,9
ENC-00399,PDK-100150,2024-04-06 00:00:00,2024-04-08 00:00:00,MED,2
ENC-00400,PDK-100157,2024-03-28 00:00:00,2024-04-02 00:00:00,SURG,5
ENC-00401,PDK-100079,2024-03-23 00:00:00,2024-03-27 00:00:00,MED,4
ENC-00402,PDK-100095,2024-04-15 00:00:00,2024-04-24 00:00:00,MED,9
ENC-00403,PDK-100235,2024-06-12 00:00:00,2024-06-15 00:00:00,MED,3
ENC-00404,PDK-100113,2024-08-16 00:00:00,2024-08-22 00:00:00,MED,6
ENC-00405,PDK-100045,2024-09-19 00:00:00,2024-09-26 00:00:00,SURG,7
ENC-00406,PDK-100158,2024-08-16 00:00:00,2024-08-25 00:00:00,MED,9
ENC-00407,PDK-100072,2024-10-27 00:00:00,2024-11-06 00:00:00,MED,10
ENC-00408,PDK-100140,2024-07-31 00:00:00,2024-08-03 00:00:00,ED,3
ENC-00409,PDK-100079,2024-05-14 00:00:00,2024-05-19 00:00:00,ED,5
ENC-00410,PDK-100015,2024-03-02 00:00:00,2024-03-07 00:00:00,ED,5
ENC-00411,PDK-100062,2024-07-10 00:00:00,2024-07-19 00:00:00,MED,9
ENC-00412,PDK-100140,2024-07-03 00:00:00,2024-07-10 00:00:00,ICU,7
ENC-00413,PDK-100264,2024-04-09 00:00:00,2024-04-20 00:00:00,SURG,11
ENC-00414,PDK-100074,2024-01-07 00:00:00,2024-01-10 00:00:00,ICU,3
ENC-00415,PDK-100214,2024-08-23 00:00:00,2024-08-25 00:00:00,MED,2
ENC-00416,PDK-100015,2024-03-01 00:00:00,2024-03-05 00:00:00,SURG,4
ENC-00417,PDK-100040,2024-01-10 00:00:00,2024-01-18 00:00:00,ED,8
ENC-00418,PDK-100263,2024-01-31 00:00:00,2024-02-08 00:00:00,MED,8
ENC-00419,PDK-100106,2024-10-27 00:00:00,2024-10-31 00:00:00,SURG,4
ENC-00420,PDK-100271,2024-04-21 00:00:00,2024-05-03 00:00:00,SURG,12
ENC-00421,PDK-100264,2024-04-26 00:00:00,2024-05-03 00:00:00,MED,7
ENC-00422,PDK-100060,2024-07-16 00:00:00,2024-07-21 00:00:00,ED,5
ENC-00423,PDK-100189,2024-04-01 00:00:00,2024-04-02 00:00:00,ED,1
ENC-00424,PDK-100062,2024-03-14 00:00:00,2024-03-21 00:00:00,ED,7
ENC-00425,PDK-100218,2024-09-12 00:00:00,2024-09-17 00:00:00,ICU,5
ENC-00426,PDK-100028,2024-02-04 00:00:00,2024-02-12 00:00:00,MED,8
ENC-00427,PDK-100040,2024-09-23 00:00:00,2024-10-01 00:00:00,ED,8
ENC-00428,PDK-100197,2024-08-18 00:00:00,2024-08-24 00:00:00,ED,6
ENC-00429,PDK-100160,2024-07-18 00:00:00,2024-07-26 00:00:00,MED,8
ENC-00430,PDK-100066,2024-07-06 00:00:00,2024-07-12 00:00:00,MED,6
ENC-00431,PDK-100034,2024-06-05 00:00:00,2024-06-07 00:00:00,ICU,2
ENC-00432,PDK-100166,2024-10-20 00:00:00,2024-10-22 00:00:00,ED,2
ENC-00433,PDK-100275,2024-04-19 00:00:00,2024-04-24 00:00:00,ICU,5
ENC-00434,PDK-100219,2024-04-17 00:00:00,2024-04-23 00:00:00,MED,6
ENC-00435,PDK-100264,2024-08-20 00:00:00,2024-08-31 00:00:00,SURG,11
ENC-00436,PDK-100124,2024-03-18 00:00:00,2024-03-30 00:00:00,ICU,12
ENC-00437,PDK-100123,2024-02-28 00:00:00,2024-03-02 00:00:00,SURG,3
ENC-00438,PDK-100015,2024-05-12 00:00:00,2024-05-17 00:00:00,SURG,5
ENC-00439,PDK-100043,2024-06-09 00:00:00,2024-06-19 00:00:00,ICU,10
ENC-00440,PDK-100204,2024-03-12 00:00:00,2024-03-16 00:00:00,MED,4
ENC-00441,PDK-100300,2024-07-18 00:00:00,2024-07-30 00:00:00,SURG,12
ENC-00442,PDK-100244,2024-05-06 00:00:00,2024-05-11 00:00:00,SURG,5
ENC-00443,PDK-100028,2024-05-02 00:00:00,2024-05-07 00:00:00,ED,5
ENC-00444,PDK-100202,2024-05-10 00:00:00,2024-05-15 00:00:00,MED,5
ENC-00445,PDK-100252,2024-08-29 00:00:00,2024-09-10 00:00:00,ED,12
ENC-00446,PDK-100181,2024-08-03 00:00:00,2024-08-13 00:00:00,ICU,10
ENC-00447,PDK-100206,2024-04-12 00:00:00,2024-04-23 00:00:00,ICU,11
ENC-00448,PDK-100245,2024-03-09 00:00:00,2024-03-14 00:00:00,SURG,5
ENC-00449,PDK-100135,2024-03-27 00:00:00,2024-03-28 00:00:00,ED,1
ENC-00450,PDK-100270,2024-08-10 00:00:00,2024-08-18 00:00:00,ED,8
ENC-00451,PDK-100254,2024-07-14 00:00:00,2024-07-17 00:00:00,ED,3
ENC-00452,PDK-100075,2024-01-15 00:00:00,2024-01-20 00:00:00,ICU,5
ENC-00453,PDK-100197,2024-08-04 00:00:00,2024-08-16 00:00:00,ICU,12
ENC-00454,PDK-100027,2024-06-19 00:00:00,2024-06-23 00:00:00,ED,4
ENC-00455,PDK-100258,2024-09-09 00:00:00,2024-09-15 00:00:00,ED,6
ENC-00456,PDK-100221,2024-05-24 00:00:00,2024-05-29 00:00:00,ICU,5
ENC-00457,PDK-100084,2024-08-27 00:00:00,2024-09-03 00:00:00,MED,7
ENC-00458,PDK-100105,2024-05-25 00:00:00,2024-05-28 00:00:00,SURG,3
ENC-00459,PDK-100256,2024-02-18 00:00:00,2024-02-24 00:00:00,MED,6
ENC-00460,PDK-100246,2024-08-20 00:00:00,2024-08-31 00:00:00,ICU,11
ENC-00461,PDK-100048,2024-07-23 00:00:00,2024-07-28 00:00:00,SURG,5
ENC-00462,PDK-100146,2024-03-19 00:00:00,2024-03-21 00:00:00,ICU,2
ENC-00463,PDK-100244,2024-05-17 00:00:00,2024-05-27 00:00:00,ED,10
ENC-00464,PDK-100048,2024-01-21 00:00:00,2024-01-30 00:00:00,ICU,9
ENC-00465,PDK-100283,2024-02-09 00:00:00,2024-02-10 00:00:00,MED,1
ENC-00466,PDK-100059,2024-08-24 00:00:00,2024-08-27 00:00:00,SURG,3
ENC-00467,PDK-100274,2024-01-10 00:00:00,2024-01-11 00:00:00,ED,1
ENC-00468,PDK-100065,2024-03-10 00:00:00,2024-03-11 00:00:00,SURG,1
ENC-00469,PDK-100075,2024-05-03 00:00:00,2024-05-10 00:00:00,SURG,7
ENC-00470,PDK-100060,2024-03-26 00:00:00,2024-03-29 00:00:00,ED,3
ENC-00471,PDK-100171,2024-01-05 00:00:00,2024-01-07 00:00:00,ED,2
ENC-00472,PDK-100243,2024-02-29 00:00:00,2024-03-08 00:00:00,ICU,8
ENC-00473,PDK-100214,2024-07-03 00:00:00,2024-07-11 00:00:00,SURG,8
ENC-00474,PDK-100252,2024-02-21 00:00:00,2024-02-28 00:00:00,ED,7
ENC-00475,PDK-100221,2024-02-28 00:00:00,2024-03-09 00:00:00,SURG,10
ENC-00476,PDK-100026,2024-08-12 00:00:00,2024-08-20 00:00:00,MED,8
ENC-00477,PDK-100288,2024-01-22 00:00:00,2024-01-31 00:00:00,MED,9
ENC-00478,PDK-100172,2024-03-11 00:00:00,2024-03-13 00:00:00,SURG,2
ENC-00479,PDK-100137,2024-07-09 00:00:00,2024-07-21 00:00:00,ED,12
ENC-00480,PDK-100044,2024-06-22 00:00:00,2024-06-28 00:00:00,ED,6
ENC-00481,PDK-100215,2024-07-24 00:00:00,2024-08-04 00:00:00,ICU,11
ENC-00482,PDK-100276,2024-06-20 00:00:00,2024-06-27 00:00:00,SURG,7
ENC-00483,PDK-100217,2024-09-15 00:00:00,2024-09-17 00:00:00,MED,2
ENC-00484,PDK-100146,2024-10-20 00:00:00,2024-10-31 00:00:00,SURG,11
ENC-00485,PDK-100244,2024-04-19 00:00:00,2024-04-27 00:00:00,MED,8
ENC-00486,PDK-100214,2024-03-24 00:00:00,2024-03-27 00:00:00,SURG,3
ENC-00487,PDK-100081,2024-10-13 00:00:00,2024-10-19 00:00:00,MED,6
ENC-00488,PDK-100074,2024-03-13 00:00:00,2024-03-23 00:00:00,ED,10
ENC-00489,PDK-100002,2024-03-03 00:00:00,2024-03-12 00:00:00,ICU,9
ENC-00490,PDK-100071,2024-09-15 00:00:00,2024-09-26 00:00:00,ED,11
ENC-00491,PDK-100013,2024-10-19 00:00:00,2024-10-30 00:00:00,ICU,11
ENC-00492,PDK-100258,2024-01-10 00:00:00,2024-01-12 00:00:00,SURG,2
ENC-00493,PDK-100206,2024-01-24 00:00:00,2024-02-01 00:00:00,MED,8
ENC-00494,PDK-100131,2024-02-15 00:00:00,2024-02-18 00:00:00,ICU,3
ENC-00495,PDK-100133,2024-07-11 00:00:00,2024-07-13 00:00:00,MED,2
ENC-00496,PDK-100209,2024-04-29 00:00:00,2024-04-30 00:00:00,ICU,1
ENC-00497,PDK-100229,2024-02-12 00:00:00,2024-02-23 00:00:00,SURG,11
ENC-00498,PDK-100140,2024-05-08 00:00:00,2024-05-19 00:00:00,ED,11
ENC-00499,PDK-100154,2024-02-15 00:00:00,2024-02-22 00:00:00,MED,7
ENC-00500,PDK-100165,2024-06-23 00:00:00,2024-06-27 00:00:00,ED,4
