encounter_id,patient_key,facility_key,encounter_type_key,admit_date_key,length_of_stay_days
1,421,2,3,227,
2,546,2,1,116,1.5
3,393,2,1,333,2.3
4,587,3,3,300,
5,423,3,2,102,
6,11,2,2,69,
7,277,2,2,100,
8,379,2,1,242,2.8
9,162,1,3,347,
10,536,2,1,299,4.1
11,475,1,2,149,
12,484,1,3,24,
13,386,2,1,148,6.5
14,491,2,1,344,2.6
15,511,1,1,307,6.2
16,485,1,1,244,3.0
17,149,1,2,365,
18,402,1,3,80,
19,140,3,3,131,
20,481,1,1,132,2.7
21,318,1,2,291,
22,54,3,2,327,
23,132,2,2,331,
24,526,1,1,353,1.8
25,389,3,2,223,
26,235,3,3,191,
27,145,1,1,296,5.3
28,361,2,3,280,
29,264,1,1,353,6.6
30,56,2,3,126,
31,448,1,1,44,4.7
32,474,1,2,51,
33,370,1,1,70,5.9
34,266,2,2,261,
35,192,2,1,302,5.6
36,600,2,3,278,
37,125,3,3,249,
38,235,2,1,311,1.2
39,223,3,2,270,
40,457,1,3,197,
41,460,1,1,310,3.0
42,404,2,1,302,1.3
43,312,3,3,154,
44,73,2,1,67,4.5
45,348,3,3,293,
46,233,3,3,93,
47,215,1,2,89,
48,333,1,3,2,
49,265,3,3,230,
50,230,2,2,275,
51,281,3,2,298,
52,345,1,2,55,
53,50,2,1,43,1.5
54,90,1,1,277,4.4
55,418,1,2,298,
56,459,2,2,104,
57,358,2,2,134,
58,533,1,3,309,
59,565,1,3,358,
60,573,2,2,297,
61,451,3,3,136,
62,367,1,2,157,
63,99,2,2,148,
64,199,2,1,220,5.0
65,411,1,3,63,
66,472,1,2,237,
67,557,1,1,288,4.0
68,535,1,1,30,2.9
69,266,3,3,124,
70,403,1,3,298,
71,209,1,1,236,2.0
72,150,3,3,3,
73,221,3,2,260,
74,304,1,3,77,
75,376,2,3,14,
76,199,3,2,34,
77,416,3,2,151,
78,545,1,1,148,3.3
79,97,2,3,330,
80,572,1,3,256,
81,190,2,3,72,
82,409,1,2,34,
83,329,2,2,197,
84,193,3,3,224,
85,124,3,2,61,
86,505,2,3,80,
87,121,1,1,228,4.2
88,43,1,3,159,
89,7,1,3,297,
90,335,3,2,159,
91,149,2,2,276,
92,464,1,3,220,
93,62,2,3,344,
94,77,1,1,134,1.2
95,409,3,2,17,
96,232,2,1,112,5.2
97,124,3,3,143,
98,63,2,2,9,
99,367,3,3,71,
100,458,2,3,4,
101,186,2,3,280,
102,173,1,1,28,3.4
103,402,1,3,236,
104,334,1,3,179,
105,399,1,1,128,4.4
106,566,1,1,311,6.6
107,322,3,3,319,
108,42,1,3,6,
109,178,2,2,147,
110,385,2,1,70,5.2
111,563,1,3,350,
112,518,1,3,249,
113,333,1,1,80,3.5
114,177,3,2,347,
115,194,1,2,200,
116,531,1,1,223,4.2
117,6,1,2,206,
118,245,3,2,347,
119,491,3,2,313,
120,20,3,3,215,
121,214,3,3,158,
122,187,1,3,59,
123,325,3,2,5,
124,222,1,1,209,2.1
125,440,1,3,94,
126,193,2,3,364,
127,443,2,2,329,
128,155,1,2,122,
129,292,2,3,353,
130,100,3,3,131,
131,23,3,2,135,
132,408,1,3,123,
133,471,1,3,43,
134,113,1,2,74,
135,451,1,3,275,
136,579,2,3,106,
137,90,1,2,58,
138,458,2,2,12,
139,427,1,2,351,
140,114,2,2,197,
141,136,1,3,36,
142,332,2,1,343,4.6
143,353,1,3,330,
144,530,1,2,79,
145,275,2,2,22,
146,422,1,3,340,
147,585,1,2,241,
148,296,1,2,331,
149,455,2,1,51,2.3
150,324,1,3,295,
151,398,1,3,198,
152,44,2,2,192,
153,431,2,2,136,
154,410,2,1,159,6.4
155,494,1,1,102,3.5
156,449,1,2,352,
157,374,2,2,178,
158,581,2,1,19,1.9
159,414,1,3,123,
160,361,2,3,38,
161,275,2,1,135,6.4
162,596,3,2,230,
163,218,2,3,154,
164,51,2,2,68,
165,256,1,2,57,
166,188,3,2,265,
167,561,1,3,144,
168,570,1,1,161,2.9
169,303,3,3,112,
170,462,1,1,303,1.6
171,540,1,1,257,5.7
172,251,1,1,353,1.3
173,119,2,2,275,
174,492,1,3,13,
175,474,1,2,26,
176,243,3,3,249,
177,193,1,2,178,
178,303,3,2,6,
179,495,3,2,91,
180,28,3,2,339,
181,582,2,3,62,
182,354,2,3,101,
183,193,1,2,366,
184,183,2,1,190,1.5
185,308,3,3,188,
186,6,1,3,341,
187,200,3,2,334,
188,241,3,3,177,
189,564,1,3,309,
190,488,2,3,204,
191,293,2,2,171,
192,450,3,3,214,
193,219,1,2,131,
194,442,1,2,313,
195,452,1,2,206,
196,237,2,3,241,
197,498,3,3,350,
198,415,2,3,188,
199,366,1,3,132,
200,549,2,1,75,6.7
201,535,3,2,319,
202,571,2,1,60,5.8
203,63,2,2,309,
204,566,3,3,208,
205,499,1,2,294,
206,278,1,3,90,
207,335,2,3,74,
208,24,3,3,122,
209,422,1,3,75,
210,328,2,3,178,
211,192,3,3,267,
212,416,2,1,211,5.7
213,436,2,2,1,
214,323,1,2,139,
215,379,1,1,91,4.2
216,188,3,3,256,
217,89,1,1,198,3.4
218,507,1,3,45,
219,540,2,1,267,5.6
220,545,3,3,266,
221,374,2,3,223,
222,543,1,1,75,3.8
223,306,2,1,310,2.4
224,176,2,3,363,
225,495,2,2,271,
226,275,1,3,19,
227,165,2,1,54,6.5
228,471,2,3,106,
229,265,3,3,280,
230,145,1,1,107,3.8
231,271,2,1,305,2.3
232,54,2,3,168,
233,466,1,3,168,
234,153,3,3,335,
235,90,2,1,139,4.4
236,154,1,3,55,
237,560,2,2,269,
238,424,1,3,124,
239,30,3,2,102,
240,23,1,2,5,
241,422,3,2,104,
242,65,1,2,35,
243,553,2,1,228,4.6
244,314,2,2,250,
245,428,2,2,131,
246,63,1,2,21,
247,417,3,3,146,
248,480,3,3,46,
249,138,1,3,279,
250,74,1,3,279,
251,98,3,3,273,
252,355,2,3,184,
253,11,1,1,338,1.8
254,77,3,3,188,
255,384,3,3,325,
256,294,2,3,273,
257,207,2,3,342,
258,409,2,3,22,
259,145,1,1,37,5.1
260,421,1,3,11,
261,299,2,3,41,
262,239,3,2,53,
263,71,3,3,50,
264,368,1,2,310,
265,121,3,2,103,
266,372,3,3,346,
267,178,2,3,153,
268,446,1,1,320,5.5
269,209,2,3,330,
270,341,2,3,21,
271,52,1,2,130,
272,95,2,1,236,2.6
273,580,1,1,49,6.2
274,74,1,2,3,
275,12,2,3,294,
276,413,1,3,314,
277,97,1,2,11,
278,139,1,3,325,
279,426,1,3,241,
280,207,3,2,344,
281,65,2,3,92,
282,58,3,3,341,
283,357,1,1,153,5.9
284,538,2,3,133,
285,372,3,3,91,
286,126,3,3,150,
287,475,3,3,121,
288,8,1,3,226,
289,463,1,1,310,2.0
290,148,1,2,144,
291,454,1,1,268,4.5
292,452,1,3,103,
293,271,1,2,299,
294,53,2,3,338,
295,517,2,3,214,
296,71,2,3,196,
297,336,2,1,294,2.1
298,220,1,3,243,
299,132,1,3,239,
300,550,3,2,187,
301,552,1,1,128,3.6
302,198,2,1,30,4.7
303,65,1,3,59,
304,517,2,3,195,
305,550,1,3,356,
306,342,1,3,366,
307,306,2,2,264,
308,24,2,1,345,2.9
309,459,2,3,266,
310,291,1,3,151,
311,540,1,3,10,
312,584,2,1,315,6.6
313,396,1,1,16,6.2
314,558,3,3,32,
315,10,3,3,82,
316,509,2,2,334,
317,415,2,3,10,
318,82,2,3,122,
319,122,1,3,78,
320,558,2,3,257,
321,567,2,1,97,5.8
322,208,2,1,266,5.8
323,451,2,3,311,
324,540,1,3,169,
325,469,2,3,102,
326,45,2,1,355,4.2
327,413,2,3,120,
328,260,1,1,295,5.9
329,162,2,3,82,
330,547,2,1,174,3.3
331,371,1,3,159,
332,325,2,2,268,
333,409,2,1,229,4.0
334,176,1,3,333,
335,286,3,3,198,
336,423,2,2,199,
337,311,3,2,150,
338,378,1,2,118,
339,60,2,1,128,2.3
340,444,2,2,250,
341,130,3,2,192,
342,242,1,3,245,
343,418,1,3,1,
344,207,2,1,261,1.7
345,590,1,3,217,
346,328,3,3,4,
347,208,3,3,307,
348,210,3,3,217,
349,352,1,2,218,
350,76,3,3,272,
351,160,2,1,220,6.2
352,111,3,3,138,
353,288,1,1,280,1.5
354,411,3,3,210,
355,579,1,3,255,
356,120,1,2,314,
357,533,2,2,266,
358,594,3,2,149,
359,480,2,3,237,
360,47,2,1,107,3.2
361,598,3,3,227,
362,508,3,2,171,
363,297,1,3,262,
364,241,1,1,81,1.6
365,591,1,2,201,
366,74,3,2,63,
367,302,2,2,277,
368,533,2,3,70,
369,280,2,3,296,
370,10,1,1,331,5.9
371,20,2,2,154,
372,110,2,1,240,6.6
373,150,2,3,152,
374,18,2,2,274,
375,582,1,3,20,
376,298,3,3,366,
377,314,2,2,44,
378,519,2,1,68,1.4
379,495,2,3,87,
380,538,1,2,288,
381,175,3,3,301,
382,583,2,3,197,
383,560,3,3,201,
384,65,3,3,347,
385,90,1,3,182,
386,44,2,1,263,1.9
387,421,2,1,141,1.2
388,423,2,1,262,6.2
389,323,2,2,189,
390,456,1,3,332,
391,450,2,1,27,1.2
392,382,1,1,364,5.2
393,33,2,1,361,2.5
394,220,2,2,227,
395,268,2,3,211,
396,545,3,2,113,
397,508,1,2,268,
398,357,1,1,240,3.6
399,305,3,2,107,
400,548,2,2,361,
401,421,1,3,112,
402,444,2,1,103,4.8
403,441,2,2,359,
404,500,1,3,132,
405,458,3,2,25,
406,31,3,3,249,
407,336,1,1,170,4.4
408,220,2,1,199,3.4
409,306,3,3,31,
410,119,1,2,53,
411,514,1,2,131,
412,433,3,2,44,
413,122,1,3,321,
414,320,2,1,127,1.1
415,128,2,2,123,
416,80,1,1,267,3.7
417,220,2,3,141,
418,541,3,2,41,
419,9,2,3,288,
420,372,1,2,26,
421,416,2,3,241,
422,267,1,2,304,
423,546,2,1,338,4.4
424,65,1,2,256,
425,187,3,2,312,
426,559,2,1,341,2.0
427,153,3,3,64,
428,271,2,2,55,
429,591,3,3,336,
430,64,3,2,319,
431,423,1,3,88,
432,144,1,2,103,
433,269,1,2,306,
434,533,1,2,343,
435,576,1,1,325,5.8
436,353,2,3,120,
437,58,2,1,117,2.0
438,181,2,1,139,2.7
439,388,2,3,140,
440,409,2,3,109,
441,30,1,3,48,
442,561,2,1,199,1.3
443,317,2,2,192,
444,360,1,2,55,
445,593,2,1,89,2.5
446,237,2,3,242,
447,324,2,3,266,
448,500,3,3,190,
449,599,2,2,161,
450,272,1,2,149,
451,439,1,2,114,
452,577,2,2,183,
453,493,1,1,129,2.8
454,481,1,3,99,
455,53,3,2,177,
456,142,2,2,317,
457,146,1,1,135,6.4
458,21,3,3,86,
459,117,1,3,246,
460,529,2,1,179,3.7
461,221,3,2,225,
462,467,1,3,227,
463,116,2,2,7,
464,451,3,3,272,
465,15,2,2,235,
466,7,2,2,109,
467,437,1,2,91,
468,4,2,3,289,
469,123,3,2,331,
470,518,3,3,113,
471,267,1,3,338,
472,352,1,3,92,
473,15,1,3,338,
474,340,2,3,280,
475,274,1,3,156,
476,600,1,2,39,
477,93,1,2,272,
478,230,1,1,339,5.5
479,2,3,2,141,
480,261,1,2,164,
481,390,1,3,363,
482,213,1,2,125,
483,62,3,3,170,
484,251,2,3,260,
485,320,2,3,186,
486,381,1,2,305,
487,582,1,3,327,
488,464,2,3,237,
489,457,3,2,77,
490,562,2,3,76,
491,61,3,3,85,
492,545,2,1,113,4.5
493,70,2,2,95,
494,459,3,3,313,
495,359,1,3,89,
496,158,1,1,206,3.9
497,176,2,3,298,
498,226,1,2,135,
499,529,2,3,77,
500,315,3,2,179,
501,568,3,3,66,
502,27,1,2,7,
503,330,1,3,211,
504,225,3,3,321,
505,485,1,2,103,
506,417,2,2,147,
507,84,1,2,256,
508,15,1,1,230,4.3
509,58,1,3,208,
510,83,2,2,28,
511,517,1,1,51,1.5
512,360,1,1,187,6.5
513,320,3,2,151,
514,351,2,3,126,
515,13,3,3,20,
516,375,2,1,96,1.8
517,554,1,2,206,
518,287,1,3,242,
519,404,3,2,23,
520,271,2,2,21,
521,62,3,3,331,
522,263,2,2,159,
523,586,1,3,336,
524,9,3,3,277,
525,261,2,3,301,
526,83,3,2,37,
527,478,2,3,256,
528,402,3,2,109,
529,308,1,1,231,5.1
530,253,2,1,297,1.8
531,247,1,3,226,
532,23,1,1,136,4.9
533,298,2,2,74,
534,377,3,3,174,
535,161,3,3,236,
536,278,1,2,203,
537,333,1,1,10,6.9
538,566,2,3,201,
539,228,2,3,203,
540,16,1,2,94,
541,231,2,1,234,6.6
542,9,1,1,110,6.4
543,361,1,3,349,
544,142,2,1,258,4.8
545,243,3,3,355,
546,514,3,2,53,
547,370,3,3,338,
548,291,2,3,123,
549,565,2,1,38,6.7
550,400,2,2,153,
551,412,2,1,172,5.1
552,488,3,3,94,
553,33,2,3,359,
554,287,1,3,105,
555,232,1,2,22,
556,118,2,2,147,
557,130,2,3,330,
558,145,1,3,227,
559,303,1,3,110,
560,230,3,3,223,
561,508,3,2,327,
562,371,2,3,131,
563,140,2,2,309,
564,421,3,3,268,
565,127,1,1,177,6.2
566,467,2,2,213,
567,214,1,3,210,
568,492,2,1,346,2.2
569,206,3,3,81,
570,364,1,3,30,
571,358,1,1,164,5.5
572,310,2,3,89,
573,377,3,2,227,
574,433,1,3,39,
575,332,3,3,267,
576,460,1,3,193,
577,460,2,2,31,
578,554,2,2,156,
579,496,2,2,174,
580,249,3,3,164,
581,474,2,1,195,2.4
582,593,2,2,125,
583,6,1,2,83,
584,280,1,2,52,
585,93,1,1,302,5.7
586,150,1,2,28,
587,390,3,2,64,
588,359,1,1,309,3.9
589,28,1,1,199,6.6
590,448,2,1,98,2.6
591,69,2,3,295,
592,175,2,3,302,
593,451,1,3,341,
594,280,3,3,94,
595,339,1,3,130,
596,402,3,2,196,
597,17,2,1,139,4.5
598,510,1,2,178,
599,201,1,3,272,
600,80,2,2,66,
601,231,2,3,280,
602,176,2,1,102,2.5
603,558,1,1,146,1.8
604,584,3,2,338,
605,328,2,3,176,
606,102,3,2,222,
607,389,1,2,196,
608,324,3,3,364,
609,388,3,3,55,
610,348,1,3,55,
611,265,1,1,188,5.8
612,380,2,2,92,
613,143,2,3,289,
614,290,1,1,141,2.4
615,158,1,1,314,1.0
616,574,3,2,37,
617,443,1,2,366,
618,387,3,2,233,
619,100,2,1,135,6.2
620,197,1,3,68,
621,510,1,2,296,
622,538,2,2,71,
623,195,1,1,73,2.0
624,190,3,3,163,
625,117,2,2,120,
626,19,1,2,91,
627,206,2,1,325,4.9
628,370,2,1,180,3.0
629,166,3,2,97,
630,266,1,3,207,
631,507,1,1,101,1.8
632,346,1,2,259,
633,199,3,3,173,
634,169,3,3,34,
635,525,3,3,321,
636,592,1,2,286,
637,333,3,2,188,
638,414,1,2,168,
639,335,2,2,284,
640,64,3,3,275,
641,297,2,1,81,5.3
642,202,2,1,65,3.0
643,538,2,2,116,
644,171,1,3,278,
645,183,1,1,344,4.4
646,454,3,3,205,
647,174,3,3,235,
648,174,1,3,302,
649,583,1,3,153,
650,278,3,3,105,
651,522,2,3,230,
652,320,1,3,340,
653,456,1,2,355,
654,328,3,3,363,
655,23,2,3,121,
656,213,2,2,107,
657,331,2,2,45,
658,429,1,3,275,
659,183,2,3,39,
660,281,3,2,55,
661,82,1,2,90,
662,523,1,2,213,
663,461,1,1,59,5.5
664,132,1,2,191,
665,375,3,3,361,
666,543,2,3,136,
667,65,2,3,131,
668,366,2,1,180,4.5
669,556,1,2,176,
670,114,2,2,182,
671,22,2,3,179,
672,108,3,2,198,
673,32,2,3,107,
674,359,3,3,149,
675,478,2,3,1,
676,446,3,2,171,
677,553,1,3,149,
678,280,1,3,9,
679,143,1,2,131,
680,211,2,1,195,3.3
681,71,1,1,177,4.3
682,364,3,2,145,
683,562,1,2,237,
684,162,2,3,241,
685,228,3,2,309,
686,162,1,3,2,
687,585,2,1,59,2.7
688,210,3,3,176,
689,129,2,3,251,
690,161,1,1,269,3.0
691,593,1,1,133,3.4
692,161,2,1,85,1.6
693,186,1,2,165,
694,588,3,3,40,
695,462,3,3,174,
696,56,3,3,140,
697,582,3,3,105,
698,424,2,2,110,
699,246,1,1,54,3.2
700,320,1,3,293,
701,197,2,2,93,
702,30,3,3,46,
703,295,1,2,72,
704,534,1,1,332,5.1
705,475,2,1,48,3.0
706,414,1,1,222,4.2
707,36,2,1,54,6.9
708,134,1,2,74,
709,373,3,2,316,
710,17,3,2,309,
711,214,2,1,188,2.4
712,188,2,1,84,5.4
713,87,2,3,58,
714,553,2,2,123,
715,283,2,3,103,
716,224,1,3,201,
717,3,2,1,96,6.7
718,5,2,3,49,
719,315,1,1,328,4.3
720,111,3,2,265,
721,580,1,3,286,
722,175,2,2,130,
723,549,3,3,297,
724,373,2,1,323,5.9
725,344,3,2,231,
726,75,2,1,199,3.2
727,335,1,3,135,
728,217,2,2,331,
729,211,1,3,267,
730,286,3,3,9,
731,6,2,2,118,
732,242,3,3,56,
733,170,2,1,240,3.1
734,580,1,3,211,
735,369,2,2,140,
736,319,3,3,94,
737,495,3,3,72,
738,105,1,2,94,
739,441,2,2,174,
740,362,1,2,49,
741,235,1,3,114,
742,38,2,2,147,
743,375,1,1,115,3.4
744,364,2,3,306,
745,323,1,1,339,4.1
746,518,2,3,277,
747,358,1,1,51,2.4
748,541,1,3,309,
749,504,2,3,299,
750,364,1,2,236,
751,408,1,3,308,
752,467,3,3,110,
753,218,2,1,161,1.8
754,433,1,3,188,
755,565,1,2,169,
756,437,1,2,353,
757,356,2,3,161,
758,141,1,1,236,3.1
759,538,2,3,191,
760,116,1,1,187,1.1
761,296,3,3,164,
762,211,2,3,290,
763,464,2,2,52,
764,472,1,3,314,
765,300,2,2,33,
766,445,2,2,42,
767,493,2,1,143,2.1
768,256,3,3,172,
769,182,2,1,287,1.0
770,82,3,2,100,
771,495,3,3,340,
772,577,1,2,74,
773,243,3,3,141,
774,49,1,3,174,
775,360,2,2,8,
776,125,2,3,177,
777,153,2,2,296,
778,531,1,1,326,2.9
779,280,1,1,49,5.0
780,370,2,3,330,
781,346,2,2,164,
782,573,2,1,242,2.6
783,387,3,3,43,
784,22,1,3,192,
785,428,3,3,49,
786,292,2,3,81,
787,192,2,1,127,1.5
788,298,2,2,180,
789,259,2,3,143,
790,68,3,3,173,
791,245,2,2,327,
792,86,3,3,281,
793,320,2,3,120,
794,107,3,3,342,
795,30,1,1,150,5.3
796,507,2,3,166,
797,300,1,3,131,
798,526,1,3,99,
799,130,2,2,241,
800,255,1,3,213,
801,125,2,1,76,2.9
802,524,1,2,75,
803,39,3,3,144,
804,429,1,2,157,
805,544,1,1,184,6.3
806,336,2,2,223,
807,14,3,3,305,
808,78,2,3,345,
809,376,1,3,310,
810,56,3,2,227,
811,233,1,3,262,
812,148,3,2,310,
813,220,1,1,72,3.6
814,456,3,3,187,
815,431,3,2,77,
816,191,2,2,356,
817,213,2,3,108,
818,400,1,3,244,
819,200,3,3,19,
820,237,1,1,364,3.4
821,359,1,2,76,
822,58,2,1,215,2.5
823,193,1,3,259,
824,252,3,3,212,
825,285,2,1,29,1.9
826,462,3,3,187,
827,477,2,2,274,
828,245,2,3,152,
829,302,2,3,268,
830,503,1,3,139,
831,339,2,2,139,
832,103,1,3,165,
833,285,1,1,77,1.7
834,186,1,1,294,3.9
835,393,2,2,13,
836,330,1,1,314,3.3
837,92,2,2,357,
838,93,2,1,294,6.3
839,438,2,3,5,
840,237,2,2,216,
841,528,1,1,90,6.9
842,33,3,3,5,
843,544,3,3,244,
844,436,3,2,135,
845,476,2,2,359,
846,133,1,3,98,
847,347,1,3,37,
848,163,3,3,134,
849,593,1,2,360,
850,88,1,1,169,2.9
851,297,2,3,94,
852,599,1,3,251,
853,176,2,3,207,
854,123,3,3,232,
855,595,1,3,260,
856,453,1,2,276,
857,397,3,2,269,
858,415,1,1,137,5.0
859,586,2,1,226,5.1
860,266,1,3,103,
861,538,1,1,250,5.3
862,265,1,2,116,
863,297,1,3,6,
864,292,1,1,347,4.1
865,25,2,2,65,
866,284,3,2,56,
867,91,3,2,275,
868,194,1,3,32,
869,588,2,3,352,
870,407,3,3,122,
871,387,1,3,292,
872,119,3,2,68,
873,178,2,1,163,4.7
874,562,1,1,179,6.5
875,552,3,3,315,
876,338,2,3,32,
877,581,3,3,275,
878,48,3,2,243,
879,67,1,3,84,
880,598,2,2,149,
881,562,2,1,107,1.7
882,380,3,2,121,
883,141,3,2,256,
884,162,3,3,342,
885,51,1,3,188,
886,159,2,2,73,
887,45,1,3,220,
888,171,1,3,91,
889,36,2,3,232,
890,293,2,3,259,
891,213,2,1,125,3.6
892,83,2,3,124,
893,96,1,2,100,
894,38,3,2,199,
895,451,1,2,184,
896,508,2,1,62,1.3
897,312,3,2,2,
898,318,1,3,296,
899,100,2,1,68,6.6
900,234,1,2,50,
901,521,2,2,304,
902,293,1,3,68,
903,246,2,2,185,
904,168,2,3,32,
905,360,1,2,282,
906,545,3,3,80,
907,539,2,2,314,
908,420,2,3,256,
909,425,1,3,176,
910,336,3,2,187,
911,165,3,3,355,
912,559,2,2,306,
913,230,1,3,98,
914,28,2,2,11,
915,582,3,2,346,
916,280,2,3,364,
917,135,1,3,177,
918,293,2,2,79,
919,250,1,3,237,
920,22,3,3,213,
921,139,3,3,132,
922,105,3,2,236,
923,96,2,1,7,4.3
924,512,2,2,132,
925,12,2,2,32,
926,503,1,1,234,3.1
927,540,1,2,299,
928,477,1,3,184,
929,298,1,3,74,
930,296,2,1,199,1.1
931,41,2,2,12,
932,22,1,3,72,
933,447,2,1,66,2.1
934,112,2,2,141,
935,465,2,3,250,
936,202,3,2,209,
937,103,2,1,258,5.0
938,509,1,3,366,
939,127,3,3,45,
940,389,1,3,68,
941,529,2,1,141,1.6
942,157,1,3,153,
943,355,3,2,144,
944,498,2,3,193,
945,92,3,3,235,
946,431,3,2,283,
947,279,1,2,244,
948,257,2,1,132,3.8
949,512,1,2,206,
950,45,2,3,355,
951,72,1,3,177,
952,136,1,2,272,
953,77,1,3,345,
954,530,1,3,330,
955,467,2,3,233,
956,245,3,3,212,
957,280,2,1,99,6.8
958,583,2,2,267,
959,235,1,3,197,
960,48,3,3,224,
961,409,1,3,261,
962,561,3,2,221,
963,481,3,2,291,
964,284,1,1,227,5.9
965,285,2,2,35,
966,65,2,3,132,
967,492,2,3,107,
968,523,2,2,255,
969,341,3,3,192,
970,450,1,1,346,5.4
971,487,1,2,266,
972,326,1,3,50,
973,186,1,1,352,2.3
974,558,1,3,93,
975,484,3,3,124,
976,99,3,3,100,
977,463,1,3,326,
978,527,2,3,58,
979,115,2,3,44,
980,17,1,2,100,
981,539,1,3,284,
982,585,1,3,149,
983,228,1,3,10,
984,333,3,3,268,
985,193,1,3,263,
986,352,2,2,257,
987,149,1,3,58,
988,110,1,3,287,
989,154,3,3,231,
990,552,3,3,38,
991,493,3,2,251,
992,324,3,2,96,
993,568,1,1,174,2.5
994,498,1,3,340,
995,150,2,1,109,1.5
996,315,1,3,237,
997,533,1,2,265,
998,69,2,1,297,5.2
999,398,3,2,210,
1000,501,2,3,180,
1001,410,3,2,143,
1002,180,2,3,283,
1003,277,3,3,168,
1004,210,3,2,200,
1005,595,1,2,327,
1006,443,2,3,290,
1007,8,1,3,293,
1008,388,2,1,47,4.2
1009,330,2,3,148,
1010,367,1,1,284,7.0
1011,143,1,3,286,
1012,557,3,2,103,
1013,441,1,2,125,
1014,490,2,2,221,
1015,197,2,3,187,
1016,45,3,3,4,
1017,84,2,2,290,
1018,284,3,3,270,
1019,74,2,3,297,
1020,385,1,1,214,5.2
1021,131,1,1,123,2.8
1022,582,3,2,33,
1023,328,2,3,147,
1024,403,3,2,292,
1025,427,1,2,210,
1026,446,1,3,247,
1027,165,3,3,84,
1028,593,2,2,232,
1029,10,2,2,224,
1030,311,1,2,48,
1031,417,2,2,145,
1032,467,3,3,75,
1033,380,1,2,224,
1034,303,1,2,172,
1035,322,2,3,142,
1036,340,3,3,216,
1037,417,1,3,82,
1038,84,3,3,167,
1039,194,1,3,8,
1040,20,3,2,246,
1041,421,3,3,285,
1042,425,3,2,165,
1043,459,2,3,46,
1044,528,2,1,176,4.1
1045,363,1,2,91,
1046,585,1,1,58,3.3
1047,582,3,2,272,
1048,557,1,3,55,
1049,576,2,2,67,
1050,573,1,3,232,
1051,322,3,2,355,
1052,466,2,2,128,
1053,98,2,3,67,
1054,24,3,3,318,
1055,339,2,3,183,
1056,295,3,2,138,
1057,214,3,2,3,
1058,529,1,1,149,2.1
1059,71,2,3,133,
1060,492,2,2,247,
1061,477,2,2,97,
1062,464,3,3,6,
1063,564,1,1,267,2.7
1064,159,2,2,291,
1065,502,2,1,68,5.5
1066,37,1,1,281,3.0
1067,37,2,2,174,
1068,106,2,3,38,
1069,378,3,2,124,
1070,214,2,2,169,
1071,405,1,3,39,
1072,277,3,3,357,
1073,20,2,3,268,
1074,552,2,3,81,
1075,116,1,1,88,1.5
1076,87,2,1,338,1.1
1077,586,2,3,127,
1078,218,2,1,115,5.1
1079,312,1,2,223,
1080,485,2,1,239,5.3
1081,97,2,3,259,
1082,456,3,3,31,
1083,304,2,3,70,
1084,513,3,2,249,
1085,225,1,3,322,
1086,239,3,3,344,
1087,7,2,3,332,
1088,305,3,3,301,
1089,207,1,2,124,
1090,44,2,2,312,
1091,66,2,1,244,1.4
1092,592,3,3,219,
1093,217,1,3,21,
1094,473,2,2,336,
1095,405,2,1,346,5.6
1096,54,2,1,156,3.0
1097,62,2,1,107,6.5
1098,337,2,1,295,4.0
1099,317,3,3,273,
1100,73,3,2,129,
1101,184,2,3,192,
1102,547,1,2,72,
1103,266,3,2,170,
1104,303,2,3,26,
1105,505,2,2,55,
1106,583,1,2,276,
1107,217,2,1,152,5.2
1108,190,2,3,146,
1109,83,2,2,251,
1110,572,3,2,138,
1111,576,1,1,181,3.9
1112,38,1,3,8,
1113,326,1,2,115,
1114,212,2,1,316,4.2
1115,568,1,3,207,
1116,214,2,1,205,3.4
1117,154,2,2,250,
1118,531,2,2,212,
1119,447,3,3,213,
1120,482,3,3,179,
1121,437,2,2,240,
1122,574,1,3,272,
1123,444,3,3,294,
1124,358,1,2,331,
1125,388,3,3,52,
1126,283,1,3,278,
1127,300,1,3,223,
1128,330,1,1,235,3.2
1129,382,3,3,73,
1130,577,2,1,45,1.5
1131,16,1,2,262,
1132,69,3,3,120,
1133,324,3,3,67,
1134,453,2,2,189,
1135,581,3,2,297,
1136,124,2,1,59,3.6
1137,220,1,1,247,5.1
1138,534,2,3,195,
1139,562,3,2,208,
1140,127,1,3,299,
1141,133,1,1,292,1.2
1142,312,1,1,169,6.2
1143,350,1,2,198,
1144,484,3,2,313,
1145,246,2,2,38,
1146,521,2,2,230,
1147,552,1,1,156,4.0
1148,389,2,2,186,
1149,484,1,3,125,
1150,546,1,2,146,
1151,28,1,1,270,1.5
1152,67,1,3,175,
1153,535,1,2,88,
1154,439,1,1,283,6.6
1155,118,3,3,28,
1156,237,2,1,175,5.4
1157,93,2,3,25,
1158,72,1,3,112,
1159,145,1,1,86,4.3
1160,594,1,2,173,
1161,217,3,2,81,
1162,525,1,3,107,
1163,234,3,3,43,
1164,37,1,3,68,
1165,420,1,1,283,2.5
1166,521,2,1,123,2.4
1167,146,1,2,78,
1168,148,3,2,17,
1169,266,1,1,1,4.4
1170,42,1,3,75,
1171,219,2,1,144,3.9
1172,581,2,2,228,
1173,240,2,2,248,
1174,395,3,3,163,
1175,515,1,3,50,
1176,579,1,3,315,
1177,123,2,3,101,
1178,530,2,3,212,
1179,215,2,1,22,2.8
1180,286,3,3,238,
1181,8,2,2,62,
1182,118,3,3,11,
1183,300,3,3,278,
1184,399,1,1,327,4.4
1185,293,1,2,185,
1186,595,3,2,46,
1187,40,1,3,252,
1188,183,3,2,21,
1189,322,2,2,263,
1190,26,3,2,22,
1191,256,1,1,135,2.5
1192,464,2,2,97,
1193,251,1,1,250,3.2
1194,192,2,3,226,
1195,319,3,3,163,
1196,487,3,3,58,
1197,424,1,3,182,
1198,537,2,2,295,
1199,53,2,1,9,6.4
1200,214,3,2,21,
1201,159,1,2,176,
1202,302,2,3,24,
1203,309,1,2,119,
1204,378,1,3,222,
1205,74,2,1,314,5.1
1206,31,2,1,283,4.1
1207,509,2,2,118,
1208,134,1,3,117,
1209,394,3,2,6,
1210,377,2,3,60,
1211,477,1,1,90,3.6
1212,341,3,3,143,
1213,6,1,3,59,
1214,60,3,3,65,
1215,431,1,1,55,5.3
1216,407,1,2,80,
1217,143,1,1,160,1.6
1218,175,3,2,71,
1219,466,2,3,191,
1220,75,1,1,121,1.4
1221,537,1,2,214,
1222,557,1,2,49,
1223,572,2,1,88,1.1
1224,201,1,3,206,
1225,321,1,3,54,
1226,569,1,3,65,
1227,503,3,2,279,
1228,173,1,1,106,7.0
1229,520,2,1,251,4.6
1230,99,1,3,93,
1231,378,3,3,305,
1232,256,2,3,282,
1233,109,3,3,23,
1234,98,2,1,313,3.7
1235,133,2,3,2,
1236,83,1,2,16,
1237,441,2,3,267,
1238,314,2,2,75,
1239,378,3,2,349,
1240,383,2,2,276,
1241,592,3,2,44,
1242,596,2,2,291,
1243,162,3,2,182,
1244,287,2,1,278,1.8
1245,197,1,1,48,6.9
1246,440,1,1,281,1.6
1247,289,2,1,60,6.5
1248,150,3,2,320,
1249,157,1,3,161,
1250,92,3,3,130,
1251,204,1,1,87,5.9
1252,36,3,2,185,
1253,103,1,3,180,
1254,449,1,1,364,5.2
1255,578,3,3,3,
1256,394,3,2,355,
1257,247,2,1,47,2.6
1258,534,3,2,108,
1259,354,2,1,34,6.5
1260,252,1,3,164,
1261,553,2,1,127,6.6
1262,119,1,1,157,6.8
1263,242,2,3,12,
1264,381,1,3,90,
1265,600,3,2,81,
1266,411,3,3,75,
1267,136,1,3,144,
1268,143,3,3,180,
1269,432,1,3,225,
1270,134,2,2,37,
1271,43,2,1,259,2.7
1272,391,1,2,286,
1273,439,2,1,262,3.0
1274,379,2,1,349,4.9
1275,373,1,1,40,4.7
1276,3,1,2,217,
1277,373,3,2,317,
1278,553,1,3,36,
1279,562,1,1,177,4.7
1280,485,2,2,99,
1281,275,1,3,128,
1282,57,1,1,86,4.2
1283,63,2,3,258,
1284,504,2,1,32,4.4
1285,93,1,2,335,
1286,341,3,2,45,
1287,566,3,2,207,
1288,475,3,3,62,
1289,78,1,3,84,
1290,259,1,3,153,
1291,552,3,2,108,
1292,176,3,3,111,
1293,570,3,2,336,
1294,225,2,2,314,
1295,167,2,1,344,2.4
1296,144,2,3,218,
1297,460,2,2,31,
1298,248,2,2,265,
1299,164,1,3,170,
1300,136,3,2,228,
1301,264,2,3,170,
1302,38,3,2,20,
1303,123,3,2,366,
1304,278,1,2,142,
1305,120,1,3,58,
1306,300,1,3,33,
1307,65,2,2,93,
1308,328,2,3,172,
1309,590,1,1,191,3.6
1310,535,1,3,24,
1311,110,3,3,313,
1312,383,2,3,286,
1313,484,1,2,312,
1314,401,2,1,6,3.0
1315,517,3,3,322,
1316,73,3,2,38,
1317,317,3,2,162,
1318,350,2,2,22,
1319,450,2,3,280,
1320,506,2,3,342,
1321,522,1,3,149,
1322,181,1,3,285,
1323,149,1,1,188,3.0
1324,83,3,2,103,
1325,530,2,2,289,
1326,436,1,2,296,
1327,235,3,3,222,
1328,86,1,3,72,
1329,561,2,1,261,2.2
1330,479,1,3,235,
1331,570,3,2,256,
1332,504,2,2,152,
1333,164,2,2,130,
1334,562,1,3,281,
1335,386,2,3,79,
1336,324,3,2,354,
1337,448,3,2,112,
1338,378,1,2,6,
1339,422,2,2,178,
1340,594,1,2,10,
1341,596,2,2,87,
1342,57,3,3,364,
1343,209,3,3,247,
1344,193,2,2,334,
1345,124,3,3,258,
1346,564,2,3,70,
1347,19,1,1,205,4.1
1348,32,3,2,87,
1349,228,1,2,244,
1350,454,2,1,355,6.7
1351,242,3,2,245,
1352,574,1,1,254,4.0
1353,332,3,2,147,
1354,253,1,3,88,
1355,216,3,3,323,
1356,213,1,2,92,
1357,28,2,3,297,
1358,383,3,2,270,
1359,190,1,1,281,4.7
1360,475,2,3,160,
1361,465,1,2,259,
1362,371,3,3,141,
1363,600,3,3,51,
1364,530,2,1,30,2.3
1365,437,3,3,289,
1366,78,1,3,124,
1367,427,2,2,106,
1368,147,1,2,269,
1369,272,3,3,196,
1370,154,3,3,123,
1371,252,1,2,188,
1372,279,1,1,15,5.7
1373,324,1,1,78,3.4
1374,554,3,3,216,
1375,188,3,2,155,
1376,533,3,2,78,
1377,215,3,3,242,
1378,173,2,1,42,5.6
1379,35,3,3,212,
1380,108,1,1,311,6.4
1381,82,1,1,223,3.4
1382,64,3,3,164,
1383,204,2,1,45,2.8
1384,231,2,1,147,3.0
1385,308,1,3,62,
1386,194,3,3,102,
1387,118,1,1,327,6.7
1388,61,2,2,267,
1389,250,2,3,3,
1390,250,1,3,241,
1391,391,2,3,135,
1392,478,2,2,166,
1393,63,2,2,196,
1394,301,3,2,259,
1395,203,3,2,254,
1396,119,1,3,113,
1397,517,1,1,331,1.6
1398,323,1,3,336,
1399,454,2,3,347,
1400,19,1,2,312,
1401,151,2,3,329,
1402,233,2,1,152,6.7
1403,478,1,1,208,3.4
1404,19,3,3,236,
1405,437,1,3,68,
1406,76,2,3,206,
1407,312,1,3,163,
1408,308,2,2,153,
1409,90,1,2,335,
1410,114,2,1,224,1.4
1411,93,3,3,347,
1412,265,2,3,150,
1413,330,1,1,215,6.1
1414,594,2,2,35,
1415,172,1,3,217,
1416,513,1,1,179,3.5
1417,572,1,1,15,6.1
1418,254,2,3,331,
1419,534,1,3,197,
1420,491,2,1,100,5.1
1421,278,3,3,165,
1422,287,1,3,12,
1423,359,2,3,224,
1424,577,3,3,314,
1425,417,1,3,57,
1426,93,1,2,203,
1427,94,1,2,137,
1428,324,2,3,271,
1429,213,3,2,123,
1430,562,2,3,345,
1431,570,2,2,66,
1432,72,1,3,16,
1433,213,1,3,134,
1434,473,1,1,329,3.9
1435,240,2,3,95,
1436,242,2,1,165,2.8
1437,122,3,3,83,
1438,434,2,3,109,
1439,242,2,3,157,
1440,80,2,1,125,4.3
1441,260,1,1,310,6.7
1442,347,2,3,148,
1443,436,2,1,313,5.3
1444,251,1,1,123,4.7
1445,528,1,1,242,1.3
1446,571,1,3,100,
1447,229,3,3,343,
1448,44,3,3,323,
1449,508,3,2,259,
1450,53,3,2,163,
1451,158,2,1,342,6.4
1452,442,3,2,153,
1453,306,2,1,119,6.9
1454,10,2,1,52,3.2
1455,237,1,2,160,
1456,131,3,3,271,
1457,243,3,3,286,
1458,149,1,2,311,
1459,171,1,2,186,
1460,442,3,3,54,
1461,13,2,1,95,2.2
1462,414,2,2,78,
1463,50,3,3,332,
1464,434,3,2,47,
1465,324,2,3,272,
1466,176,1,2,168,
1467,513,2,2,180,
1468,545,2,2,296,
1469,339,3,3,64,
1470,111,2,1,259,2.9
1471,125,3,3,103,
1472,450,2,3,266,
1473,130,3,2,255,
1474,187,3,2,235,
1475,198,3,2,339,
1476,506,1,1,34,2.4
1477,425,1,1,112,6.9
1478,187,1,3,262,
1479,426,1,3,53,
1480,130,3,3,277,
1481,426,3,3,137,
1482,323,2,1,10,1.5
1483,318,1,3,302,
1484,71,1,3,315,
1485,247,3,3,196,
1486,327,1,3,69,
1487,448,1,3,317,
1488,226,2,3,26,
1489,582,1,1,200,6.1
1490,418,1,3,91,
1491,39,2,2,343,
1492,503,2,3,88,
1493,66,2,3,40,
1494,320,1,3,344,
1495,43,3,3,189,
1496,339,2,2,93,
1497,459,1,1,296,6.7
1498,579,3,3,54,
1499,255,1,2,194,
1500,166,1,2,17,
1501,431,3,2,198,
1502,136,2,2,26,
1503,554,2,3,253,
1504,44,3,3,56,
1505,493,3,3,189,
1506,487,1,1,242,1.0
1507,515,2,1,119,3.5
1508,262,1,1,308,1.8
1509,438,1,2,53,
1510,425,1,1,262,3.0
1511,425,2,1,2,6.0
1512,74,2,3,23,
1513,331,3,3,36,
1514,418,1,1,78,3.9
1515,563,3,3,176,
1516,496,2,3,31,
1517,428,3,2,286,
1518,402,2,1,236,5.7
1519,275,1,3,22,
1520,16,3,3,304,
1521,561,2,3,101,
1522,505,2,1,107,4.9
1523,470,3,3,144,
1524,190,3,3,23,
1525,387,2,1,247,5.1
1526,340,1,3,29,
1527,6,1,2,244,
1528,502,1,2,257,
1529,538,2,1,298,4.0
1530,559,2,1,46,6.6
1531,139,2,3,296,
1532,530,3,2,239,
1533,292,2,3,338,
1534,560,3,3,25,
1535,52,1,3,311,
1536,479,2,1,83,5.2
1537,525,1,3,297,
1538,250,1,3,279,
1539,420,2,2,363,
1540,42,2,1,150,1.0
1541,26,1,1,338,5.6
1542,8,1,1,21,4.0
1543,592,1,1,233,6.5
1544,292,3,2,156,
1545,216,2,1,186,1.7
1546,508,1,3,122,
1547,101,3,3,197,
1548,276,3,3,143,
1549,172,1,2,352,
1550,310,1,2,175,
1551,309,2,1,37,3.2
1552,206,1,1,198,5.5
1553,246,1,3,213,
1554,340,3,3,80,
1555,593,2,3,327,
1556,220,2,1,147,4.6
1557,207,2,3,142,
1558,339,3,3,101,
1559,270,1,3,104,
1560,488,1,3,101,
1561,406,1,3,39,
1562,9,1,2,75,
1563,2,2,2,344,
1564,451,2,1,337,3.6
1565,71,3,3,28,
1566,525,2,1,245,3.4
1567,443,1,2,202,
1568,551,3,3,350,
1569,359,2,2,38,
1570,254,1,3,295,
1571,555,1,1,130,4.6
1572,344,2,1,13,6.5
1573,475,3,3,66,
1574,563,2,3,342,
1575,212,2,3,237,
1576,132,2,3,347,
1577,434,3,3,79,
1578,1,3,3,99,
1579,197,1,2,209,
1580,288,1,3,29,
1581,109,3,3,197,
1582,278,3,3,334,
1583,564,2,3,59,
1584,468,2,2,138,
1585,66,3,3,33,
1586,28,3,3,177,
1587,467,1,1,193,3.0
1588,278,1,3,49,
1589,303,1,2,301,
1590,520,1,1,187,6.5
1591,454,1,3,120,
1592,241,3,3,326,
1593,117,1,1,171,5.2
1594,367,1,3,352,
1595,13,2,2,294,
1596,560,2,2,238,
1597,485,3,3,99,
1598,447,3,3,43,
1599,311,2,2,314,
1600,244,3,2,58,
1601,177,2,2,14,
1602,302,3,3,319,
1603,500,1,3,76,
1604,391,1,2,337,
1605,366,1,3,185,
1606,347,3,2,100,
1607,142,2,3,114,
1608,170,3,2,77,
1609,304,3,3,281,
1610,386,1,3,309,
1611,467,2,2,278,
1612,6,1,3,233,
1613,219,3,3,221,
1614,22,2,2,179,
1615,142,3,3,295,
1616,165,3,2,210,
1617,184,2,3,301,
1618,241,1,3,341,
1619,36,2,3,34,
1620,517,1,2,101,
1621,318,1,2,302,
1622,164,3,3,26,
1623,185,2,1,345,1.1
1624,477,2,2,23,
1625,183,1,3,310,
1626,246,2,2,20,
1627,486,2,2,213,
1628,14,1,3,275,
1629,227,3,2,74,
1630,195,3,3,121,
1631,540,3,3,356,
1632,77,1,1,253,4.1
1633,76,1,2,349,
1634,341,3,3,335,
1635,85,1,3,140,
1636,491,2,2,88,
1637,5,1,2,114,
1638,215,2,3,299,
1639,204,1,1,182,3.6
1640,67,2,3,50,
1641,544,3,2,129,
1642,244,1,3,63,
1643,323,2,2,131,
1644,377,1,2,246,
1645,416,1,2,162,
1646,401,3,3,323,
1647,475,2,1,42,3.2
1648,588,2,3,191,
1649,34,2,1,169,3.2
1650,333,2,3,126,
1651,438,2,1,306,1.6
1652,496,2,1,100,4.4
1653,351,1,1,308,4.0
1654,117,3,3,168,
1655,153,1,3,38,
1656,534,2,3,307,
1657,226,1,2,309,
1658,574,3,3,106,
1659,409,3,3,285,
1660,518,2,1,24,2.0
1661,446,1,2,258,
1662,151,2,3,346,
1663,144,1,1,197,1.5
1664,315,1,3,271,
1665,554,2,2,183,
1666,243,2,2,161,
1667,524,3,2,50,
1668,15,3,3,331,
1669,103,2,3,111,
1670,89,3,2,181,
1671,568,1,3,236,
1672,425,3,3,288,
1673,302,1,2,216,
1674,382,3,3,115,
1675,153,3,3,78,
1676,522,1,3,245,
1677,592,2,2,299,
1678,36,1,1,287,6.9
1679,355,1,3,281,
1680,377,1,1,36,4.5
1681,452,2,2,298,
1682,189,2,1,24,4.8
1683,422,3,3,303,
1684,62,2,3,108,
1685,85,3,3,269,
1686,276,1,1,91,5.3
1687,98,2,3,353,
1688,569,2,1,166,6.4
1689,28,3,3,184,
1690,549,3,3,55,
1691,6,3,3,236,
1692,389,1,3,256,
1693,355,3,3,157,
1694,515,1,3,329,
1695,410,1,3,226,
1696,387,1,2,235,
1697,45,3,3,179,
1698,436,2,1,280,6.7
1699,540,1,3,159,
1700,454,2,3,49,
1701,41,3,3,314,
1702,207,3,3,309,
1703,141,2,1,73,2.2
1704,560,1,2,250,
1705,1,2,1,246,6.0
1706,97,1,1,222,1.9
1707,124,1,3,21,
1708,40,3,3,37,
1709,28,2,3,218,
1710,494,1,2,144,
1711,138,2,3,149,
1712,447,2,1,131,2.4
1713,300,1,3,204,
1714,94,2,3,328,
1715,126,1,1,149,1.4
1716,248,2,1,139,4.6
1717,468,1,1,338,6.2
1718,452,2,2,76,
1719,576,1,1,78,3.0
1720,312,1,3,273,
1721,508,3,3,315,
1722,316,2,3,145,
1723,309,1,2,316,
1724,360,2,3,74,
1725,553,3,3,155,
1726,196,3,2,164,
1727,557,3,3,112,
1728,160,2,2,299,
1729,36,1,1,37,3.1
1730,596,2,2,177,
1731,163,1,3,244,
1732,240,2,3,15,
1733,562,3,2,109,
1734,491,3,3,88,
1735,553,2,2,22,
1736,185,3,2,268,
1737,319,2,2,206,
1738,453,2,1,226,5.7
1739,414,2,1,330,4.0
1740,286,2,1,132,2.9
1741,477,1,1,38,3.0
1742,210,1,1,301,1.8
1743,375,2,1,13,1.5
1744,523,1,1,190,6.5
1745,503,1,2,233,
1746,462,1,2,276,
1747,531,2,3,198,
1748,79,1,1,121,4.3
1749,496,2,3,357,
1750,476,3,2,262,
1751,465,3,3,208,
1752,570,2,1,88,5.0
1753,242,1,3,42,
1754,54,1,2,322,
1755,543,3,2,239,
1756,13,1,2,268,
1757,403,3,2,95,
1758,493,1,2,74,
1759,405,2,2,86,
1760,312,3,2,224,
1761,483,2,1,18,2.5
1762,402,1,2,199,
1763,167,3,3,147,
1764,44,1,2,184,
1765,77,1,3,238,
1766,87,1,2,337,
1767,286,1,1,263,5.2
1768,410,3,3,16,
1769,210,3,3,3,
1770,187,1,3,224,
1771,380,2,1,88,4.4
1772,411,2,1,218,6.1
1773,561,2,3,16,
1774,328,1,1,249,6.6
1775,3,2,3,163,
1776,476,1,2,61,
1777,288,1,1,218,6.8
1778,250,2,3,222,
1779,507,2,2,157,
1780,426,1,1,111,6.8
1781,177,1,3,174,
1782,304,3,3,99,
1783,181,3,3,268,
1784,123,2,2,78,
1785,211,1,3,271,
1786,425,3,3,350,
1787,497,3,3,66,
1788,46,1,3,238,
1789,437,2,3,114,
1790,356,1,3,302,
1791,203,2,3,53,
1792,456,1,2,106,
1793,308,2,2,90,
1794,97,1,3,76,
1795,198,2,3,85,
1796,5,3,2,252,
1797,103,2,3,168,
1798,7,2,1,291,2.3
1799,398,1,2,342,
1800,395,3,3,124,
1801,522,1,1,51,4.0
1802,210,2,3,264,
1803,390,3,2,8,
1804,588,3,2,171,
1805,1,2,1,289,4.9
1806,373,2,1,174,6.6
1807,354,2,3,147,
1808,520,2,1,127,1.3
1809,295,1,2,315,
1810,399,1,3,137,
1811,89,3,2,190,
1812,119,2,2,330,
1813,132,1,3,192,
1814,143,2,2,20,
1815,103,2,2,263,
1816,485,2,3,343,
1817,357,1,3,138,
1818,593,2,2,103,
1819,336,1,3,298,
1820,310,1,1,166,6.2
1821,295,1,2,205,
1822,248,1,1,30,2.5
1823,144,2,3,44,
1824,309,2,3,71,
1825,26,2,3,195,
1826,274,2,1,320,6.7
1827,260,2,2,360,
1828,265,1,1,350,2.2
1829,283,1,2,208,
1830,25,2,3,301,
1831,292,1,1,333,2.4
1832,231,1,3,68,
1833,245,1,2,105,
1834,532,3,3,118,
1835,181,3,3,72,
1836,199,1,1,142,4.3
1837,46,1,3,155,
1838,181,2,3,226,
1839,53,1,1,202,1.3
1840,282,1,3,320,
1841,177,1,3,219,
1842,426,3,3,27,
1843,176,2,1,271,4.3
1844,515,3,2,355,
1845,285,3,3,170,
1846,309,2,2,104,
1847,297,3,3,261,
1848,584,3,3,200,
1849,224,2,3,26,
1850,272,1,3,85,
1851,120,2,2,298,
1852,235,2,1,270,5.5
1853,62,2,2,295,
1854,500,1,1,104,5.2
1855,454,1,2,13,
1856,445,1,2,74,
1857,468,1,3,30,
1858,184,3,2,38,
1859,568,2,1,273,1.6
1860,399,3,2,258,
1861,14,1,2,314,
1862,270,3,3,140,
1863,235,2,1,146,5.3
1864,540,2,1,9,3.5
1865,51,2,3,189,
1866,20,2,3,333,
1867,71,2,2,62,
1868,68,1,3,46,
1869,343,1,3,337,
1870,344,2,1,341,3.6
1871,232,3,2,40,
1872,110,1,2,236,
1873,321,1,1,126,3.9
1874,404,1,1,222,2.9
1875,137,1,2,351,
1876,366,1,2,332,
1877,498,1,1,273,6.1
1878,563,2,1,360,2.9
1879,438,2,3,300,
1880,12,3,3,229,
1881,107,2,2,6,
1882,228,1,2,226,
1883,238,2,3,200,
1884,465,2,2,302,
1885,282,1,1,309,1.1
1886,97,2,3,264,
1887,63,3,3,168,
1888,7,2,3,114,
1889,404,1,3,31,
1890,547,2,3,231,
1891,487,1,3,67,
1892,509,3,3,329,
1893,467,2,1,290,2.9
1894,148,3,2,211,
1895,14,1,3,89,
1896,21,1,3,288,
1897,273,2,2,325,
1898,191,1,2,359,
1899,544,3,2,211,
1900,18,2,1,266,7.0
1901,540,2,1,307,5.3
1902,585,3,3,146,
1903,182,2,3,88,
1904,555,2,1,162,4.6
1905,59,2,3,61,
1906,211,2,3,184,
1907,170,1,3,168,
1908,250,2,3,284,
1909,541,1,3,303,
1910,269,1,3,329,
1911,186,3,3,346,
1912,424,3,3,85,
1913,347,2,2,136,
1914,515,1,1,340,5.5
1915,333,3,3,143,
1916,581,2,1,247,4.6
1917,306,1,1,149,6.9
1918,187,1,2,17,
1919,52,2,3,270,
1920,165,3,2,334,
1921,528,2,1,252,2.7
1922,366,2,3,339,
1923,539,2,2,165,
1924,303,2,2,266,
1925,13,2,3,206,
1926,480,2,2,91,
1927,149,2,1,190,1.8
1928,212,1,1,194,5.9
1929,579,1,1,185,3.0
1930,409,2,2,119,
1931,278,3,3,103,
1932,167,2,3,19,
1933,488,2,2,259,
1934,433,3,3,234,
1935,145,1,2,258,
1936,382,2,2,282,
1937,106,3,3,27,
1938,112,3,3,120,
1939,201,1,1,14,6.0
1940,304,3,3,363,
1941,230,1,3,112,
1942,185,3,3,134,
1943,494,3,2,280,
1944,600,2,3,160,
1945,105,2,2,218,
1946,318,2,1,111,4.5
1947,221,1,3,99,
1948,486,1,2,104,
1949,205,2,2,235,
1950,303,3,3,253,
1951,286,2,2,69,
1952,587,3,3,334,
1953,166,2,3,113,
1954,505,3,3,84,
1955,586,1,2,32,
1956,349,2,1,151,3.1
1957,34,1,2,303,
1958,196,3,3,241,
1959,231,1,2,30,
1960,232,2,3,195,
1961,160,2,1,328,3.7
1962,320,1,3,157,
1963,554,3,3,170,
1964,365,2,1,15,3.1
1965,151,3,3,109,
1966,526,2,2,70,
1967,111,1,2,60,
1968,547,2,3,255,
1969,130,3,3,219,
1970,577,1,1,265,2.6
1971,344,2,1,177,3.7
1972,487,3,3,250,
1973,25,1,2,61,
1974,360,3,3,267,
1975,447,1,2,93,
1976,206,2,2,166,
1977,230,1,2,60,
1978,438,1,2,19,
1979,556,1,3,32,
1980,208,1,1,170,2.5
1981,505,3,3,142,
1982,559,2,1,23,3.8
1983,302,3,2,236,
1984,87,2,3,160,
1985,390,3,3,291,
1986,125,2,2,351,
1987,142,2,1,267,4.4
1988,202,2,2,353,
1989,4,3,2,358,
1990,459,2,3,286,
1991,453,2,2,293,
1992,310,2,1,348,5.0
1993,38,3,3,21,
1994,162,3,3,230,
1995,479,1,2,291,
1996,307,1,1,167,4.8
1997,294,2,2,54,
1998,27,2,3,260,
1999,564,2,2,212,
2000,160,2,1,290,4.9
2001,298,1,3,116,
2002,42,1,3,166,
2003,88,3,3,335,
2004,264,1,2,335,
2005,236,3,2,298,
2006,597,2,3,343,
2007,158,1,1,255,6.5
2008,356,2,2,259,
2009,33,3,3,45,
2010,481,1,2,358,
2011,328,1,3,40,
2012,170,2,3,330,
2013,259,1,1,85,3.8
2014,334,3,2,287,
2015,164,1,3,268,
2016,457,1,2,351,
2017,424,1,1,180,6.4
2018,268,3,2,176,
2019,76,2,1,158,6.7
2020,320,3,2,66,
2021,381,1,3,44,
2022,578,1,2,209,
2023,98,3,2,245,
2024,347,3,2,19,
2025,599,3,2,22,
2026,275,2,2,261,
2027,227,1,2,61,
2028,425,2,2,289,
2029,120,3,3,91,
2030,95,3,3,331,
2031,141,2,2,3,
2032,10,3,3,195,
2033,192,1,1,45,1.3
2034,301,2,3,348,
2035,273,2,2,203,
2036,526,1,3,91,
2037,280,2,2,108,
2038,194,2,2,213,
2039,547,1,1,10,3.9
2040,572,3,3,204,
2041,587,2,3,19,
2042,62,1,3,261,
2043,48,3,2,317,
2044,29,3,3,229,
2045,42,2,1,191,4.8
2046,34,3,3,329,
2047,511,1,2,129,
2048,327,2,3,334,
2049,222,2,3,291,
2050,422,1,3,266,
2051,487,1,3,93,
2052,218,2,2,95,
2053,60,3,3,143,
2054,293,3,3,351,
2055,233,1,1,250,2.2
2056,221,3,3,98,
2057,205,3,3,202,
2058,409,1,2,224,
2059,104,2,3,333,
2060,430,1,1,188,3.9
2061,369,3,3,134,
2062,124,2,1,351,3.1
2063,249,3,3,131,
2064,555,1,1,250,4.9
2065,412,3,2,141,
2066,247,2,2,315,
2067,75,1,3,88,
2068,390,2,2,110,
2069,367,2,3,144,
2070,254,2,2,76,
2071,582,1,3,174,
2072,585,1,3,252,
2073,27,1,2,199,
2074,100,2,1,319,5.6
2075,224,3,3,83,
2076,271,3,2,205,
2077,413,1,1,21,5.9
2078,537,1,2,75,
2079,583,1,1,151,5.8
2080,187,3,3,319,
2081,326,1,2,251,
2082,304,3,3,324,
2083,48,2,3,16,
2084,146,1,3,145,
2085,326,2,1,281,3.1
2086,276,2,2,19,
2087,564,2,3,7,
2088,43,1,3,130,
2089,383,2,3,204,
2090,452,1,3,87,
2091,518,2,3,63,
2092,396,3,2,19,
2093,82,2,3,147,
2094,353,2,3,245,
2095,95,2,2,43,
2096,586,2,3,156,
2097,505,2,3,18,
2098,50,2,2,176,
2099,265,1,1,298,6.4
2100,225,2,3,254,
2101,242,1,3,132,
2102,542,2,2,162,
2103,364,3,3,262,
2104,563,3,3,281,
2105,257,1,1,96,1.5
2106,284,3,2,180,
2107,414,1,2,4,
2108,130,2,1,87,6.1
2109,443,1,3,179,
2110,431,2,3,204,
2111,283,1,3,37,
2112,54,2,3,53,
2113,4,2,3,284,
2114,353,1,3,228,
2115,279,1,3,69,
2116,64,2,2,318,
2117,599,3,3,195,
2118,358,2,3,137,
2119,435,3,2,289,
2120,558,3,3,270,
2121,329,3,2,80,
2122,273,2,1,244,4.1
2123,462,1,1,116,2.2
2124,415,2,3,102,
2125,404,3,2,110,
2126,397,1,1,33,5.9
2127,5,2,3,12,
2128,304,3,2,30,
2129,77,2,2,277,
2130,132,3,3,46,
2131,11,1,2,310,
2132,449,3,3,324,
2133,540,1,3,166,
2134,450,1,2,61,
2135,93,1,1,294,3.0
2136,310,1,3,206,
2137,389,1,3,189,
2138,496,1,3,248,
2139,324,3,3,138,
2140,391,2,3,103,
2141,212,2,1,272,3.4
2142,390,1,3,313,
2143,295,2,3,345,
2144,526,1,2,25,
2145,406,2,1,17,2.2
2146,53,1,3,127,
2147,450,3,3,265,
2148,514,3,3,306,
2149,55,3,2,286,
2150,376,3,2,364,
2151,483,1,3,11,
2152,482,2,3,59,
2153,3,3,2,22,
2154,536,2,1,341,5.4
2155,421,1,3,243,
2156,197,3,2,364,
2157,71,2,2,254,
2158,114,1,2,90,
2159,276,1,1,273,2.8
2160,499,1,3,44,
2161,493,2,2,57,
2162,283,1,2,160,
2163,135,3,3,115,
2164,458,3,3,108,
2165,560,2,2,112,
2166,531,3,3,93,
2167,416,3,3,30,
2168,558,1,3,298,
2169,473,3,2,93,
2170,212,1,2,55,
2171,550,3,3,342,
2172,295,2,3,75,
2173,529,1,3,279,
2174,56,3,2,59,
2175,233,1,2,207,
2176,535,2,3,99,
2177,298,1,1,285,6.2
2178,471,3,2,37,
2179,594,2,2,92,
2180,436,2,3,227,
2181,49,3,3,52,
2182,528,1,3,341,
2183,367,1,1,97,6.0
2184,178,1,1,224,6.9
2185,588,3,3,313,
2186,241,1,2,169,
2187,165,2,3,229,
2188,585,2,3,28,
2189,417,3,3,212,
2190,309,2,1,260,2.4
2191,487,3,3,169,
2192,284,1,3,57,
2193,178,3,3,135,
2194,499,2,3,59,
2195,155,1,2,121,
2196,598,1,3,254,
2197,544,2,2,317,
2198,498,1,3,352,
2199,50,2,2,15,
2200,57,2,3,90,
2201,14,2,3,79,
2202,177,1,1,252,2.4
2203,240,2,3,111,
2204,467,3,2,130,
2205,584,2,1,366,3.4
2206,587,2,3,5,
2207,263,3,2,265,
2208,34,3,3,300,
2209,485,2,2,287,
2210,324,3,2,117,
2211,232,2,3,234,
2212,96,2,3,104,
2213,521,1,3,320,
2214,282,3,2,34,
2215,198,3,2,39,
2216,544,1,3,297,
2217,582,2,1,1,1.3
2218,149,3,2,356,
2219,248,3,2,71,
2220,3,1,3,157,
2221,359,2,3,248,
2222,188,3,3,70,
2223,311,3,3,47,
2224,79,2,1,58,5.7
2225,198,2,1,115,1.7
2226,374,3,2,51,
2227,541,1,3,192,
2228,187,1,3,6,
2229,513,1,2,194,
2230,531,2,3,252,
2231,121,3,3,354,
2232,106,1,1,33,5.2
2233,518,1,1,116,5.1
2234,188,2,1,2,4.1
2235,461,3,2,60,
2236,246,1,3,69,
2237,80,1,3,195,
2238,237,2,2,62,
2239,255,1,2,64,
2240,406,2,1,18,3.4
2241,325,1,1,224,4.9
2242,98,2,3,56,
2243,499,1,1,97,6.9
2244,58,2,2,58,
2245,419,2,1,179,4.4
2246,72,2,1,232,2.0
2247,127,2,1,187,4.4
2248,471,2,1,210,5.5
2249,81,2,2,185,
2250,420,1,2,62,
2251,105,3,3,336,
2252,70,1,3,320,
2253,593,3,3,136,
2254,282,3,3,15,
2255,250,2,3,319,
2256,212,1,3,295,
2257,257,3,3,48,
2258,29,1,1,192,2.4
2259,438,3,3,48,
2260,297,2,2,236,
2261,222,2,3,154,
2262,132,3,2,300,
2263,519,1,3,115,
2264,391,1,1,353,4.7
2265,230,2,3,148,
2266,529,1,3,331,
2267,73,1,2,23,
2268,25,1,2,88,
2269,100,3,2,187,
2270,424,1,3,102,
2271,42,2,2,171,
2272,256,1,2,50,
2273,445,3,2,322,
2274,267,2,2,209,
2275,69,2,3,71,
2276,590,3,3,196,
2277,284,1,1,301,2.0
2278,445,3,2,349,
2279,7,2,2,329,
2280,143,1,3,277,
2281,112,1,3,48,
2282,358,2,3,185,
2283,521,2,2,214,
2284,515,3,3,250,
2285,302,1,3,214,
2286,350,3,3,144,
2287,583,1,2,265,
2288,560,3,3,24,
2289,124,1,1,197,5.2
2290,499,2,3,303,
2291,151,3,3,29,
2292,265,2,3,193,
2293,27,2,3,193,
2294,580,2,1,62,4.7
2295,58,1,2,179,
2296,208,3,2,140,
2297,569,1,2,114,
2298,372,3,3,66,
2299,213,1,1,75,3.2
2300,395,3,3,268,
2301,48,2,3,47,
2302,110,3,3,30,
2303,454,2,1,148,5.0
2304,570,3,3,349,
2305,166,3,2,153,
2306,537,3,3,331,
2307,358,3,3,318,
2308,403,1,3,300,
2309,436,3,3,256,
2310,210,3,3,301,
2311,74,3,2,214,
2312,192,3,3,232,
2313,554,2,2,261,
2314,295,1,1,70,6.3
2315,136,1,2,6,
2316,537,1,2,353,
2317,362,2,2,295,
2318,401,2,3,102,
2319,336,3,2,181,
2320,202,2,2,147,
2321,331,3,3,49,
2322,308,2,1,284,4.8
2323,334,1,3,342,
2324,383,3,2,182,
2325,83,3,2,12,
2326,593,2,3,328,
2327,74,3,3,144,
2328,373,2,2,200,
2329,567,1,2,48,
2330,434,2,3,171,
2331,377,3,2,60,
2332,131,3,3,31,
2333,234,1,1,213,6.7
2334,247,2,1,72,3.6
2335,563,1,3,147,
2336,521,1,3,38,
2337,232,2,1,133,5.8
2338,335,2,2,69,
2339,267,3,3,217,
2340,275,2,3,218,
2341,166,1,3,137,
2342,304,1,1,37,6.7
2343,24,1,3,93,
2344,544,1,3,117,
2345,243,2,1,177,2.9
2346,193,2,3,94,
2347,582,2,1,272,2.3
2348,249,3,2,1,
2349,446,1,1,176,5.2
2350,46,2,1,214,2.5
2351,571,3,3,352,
2352,261,1,3,281,
2353,117,3,3,331,
2354,58,3,2,363,
2355,530,3,2,138,
2356,585,2,1,46,5.9
2357,57,1,2,198,
2358,566,1,1,1,1.3
2359,379,1,2,54,
2360,287,2,3,259,
2361,203,2,2,89,
2362,449,3,3,224,
2363,345,1,3,275,
2364,125,1,2,206,
2365,73,1,3,167,
2366,179,2,1,3,4.1
2367,540,2,1,361,2.6
2368,532,2,1,239,2.9
2369,74,1,2,60,
2370,458,1,1,92,6.1
2371,391,2,2,326,
2372,182,1,1,198,6.0
2373,505,3,3,366,
2374,250,1,2,265,
2375,410,1,2,341,
2376,446,1,2,218,
2377,185,3,2,2,
2378,153,3,3,21,
2379,578,2,1,16,4.5
2380,113,1,1,259,3.4
2381,355,3,3,33,
2382,362,3,2,320,
2383,167,1,3,289,
2384,227,2,3,279,
2385,211,1,2,13,
2386,113,1,3,69,
2387,252,1,3,278,
2388,525,2,2,113,
2389,438,1,1,238,4.8
2390,85,1,2,115,
2391,2,2,1,44,3.5
2392,102,3,2,148,
2393,571,2,2,165,
2394,315,3,3,280,
2395,517,1,2,63,
2396,16,1,1,304,3.5
2397,384,3,3,73,
2398,74,1,2,274,
2399,554,1,3,33,
2400,396,2,3,341,
2401,77,1,2,359,
2402,114,2,2,123,
2403,265,2,3,353,
2404,14,2,2,364,
2405,192,2,2,3,
2406,134,2,2,189,
2407,232,3,2,5,
2408,284,2,3,340,
2409,104,3,2,4,
2410,438,2,3,288,
2411,307,2,3,7,
2412,385,1,3,59,
2413,272,1,1,347,6.6
2414,426,3,2,51,
2415,304,2,1,167,6.3
2416,55,1,3,269,
2417,590,1,3,355,
2418,45,2,3,339,
2419,523,2,2,176,
2420,481,3,2,225,
2421,3,1,2,10,
2422,81,3,2,254,
2423,568,1,1,335,5.5
2424,98,3,3,246,
2425,100,1,3,100,
2426,581,3,3,58,
2427,197,2,2,148,
2428,191,1,1,17,4.1
2429,533,2,1,22,5.7
2430,451,3,3,178,
2431,356,1,3,30,
2432,104,1,3,312,
2433,292,2,1,216,4.9
2434,472,1,3,152,
2435,267,1,2,29,
2436,355,3,2,56,
2437,341,1,2,277,
2438,243,2,1,233,1.6
2439,587,3,3,133,
2440,107,2,2,215,
2441,421,2,3,201,
2442,444,1,2,337,
2443,317,2,2,132,
2444,522,2,1,276,2.7
2445,313,1,3,67,
2446,169,1,1,362,1.5
2447,98,2,2,333,
2448,368,2,2,104,
2449,577,1,3,60,
2450,379,2,3,344,
2451,357,1,3,314,
2452,511,1,1,198,1.9
2453,545,1,3,322,
2454,174,2,3,213,
2455,599,2,3,304,
2456,26,1,2,67,
2457,380,2,3,142,
2458,123,1,3,289,
2459,523,1,3,33,
2460,569,1,3,271,
2461,104,1,3,93,
2462,528,2,2,204,
2463,112,1,3,170,
2464,350,2,1,319,4.2
2465,10,1,3,172,
2466,525,2,3,42,
2467,412,1,1,57,2.5
2468,280,2,3,139,
2469,318,2,2,111,
2470,47,3,2,153,
2471,434,1,3,186,
2472,372,2,3,218,
2473,17,3,3,194,
2474,422,2,2,332,
2475,43,1,1,251,5.2
2476,51,1,3,323,
2477,559,1,1,114,1.8
2478,428,2,3,335,
2479,600,1,2,363,
2480,515,2,3,245,
2481,434,1,3,244,
2482,341,3,2,332,
2483,290,1,2,298,
2484,423,1,3,128,
2485,418,2,3,154,
2486,402,1,3,333,
2487,28,3,3,38,
2488,47,3,2,281,
2489,327,1,3,106,
2490,95,2,2,19,
2491,380,1,3,19,
2492,453,1,2,304,
2493,169,2,2,356,
2494,359,3,3,120,
2495,256,2,1,206,2.3
2496,455,3,3,272,
2497,40,1,2,82,
2498,166,2,3,298,
2499,466,3,3,104,
2500,363,2,3,197,
2501,472,3,3,45,
2502,543,2,3,288,
2503,594,3,2,189,
2504,302,2,3,165,
2505,249,1,3,98,
2506,557,2,3,38,
2507,557,1,1,214,3.0
2508,482,3,2,240,
2509,374,2,2,52,
2510,482,3,2,348,
2511,299,2,2,70,
2512,341,1,2,18,
2513,417,1,3,132,
2514,452,1,3,282,
2515,29,3,2,315,
2516,251,2,2,347,
2517,167,2,2,179,
2518,84,1,2,136,
2519,369,3,2,197,
2520,595,2,1,296,2.9
2521,268,2,1,246,3.3
2522,362,2,3,200,
2523,2,3,2,163,
2524,561,3,3,145,
2525,473,3,3,66,
2526,570,2,2,57,
2527,293,3,3,100,
2528,172,1,2,78,
2529,341,1,3,346,
2530,3,2,1,139,5.2
2531,312,2,2,64,
2532,122,3,3,239,
2533,279,3,3,194,
2534,169,1,3,361,
2535,353,1,3,44,
2536,422,1,3,246,
2537,541,3,3,365,
2538,337,3,2,108,
2539,144,2,2,306,
2540,42,1,3,56,
2541,550,1,3,201,
2542,474,2,3,134,
2543,177,2,1,59,4.7
2544,413,1,3,109,
2545,201,3,3,327,
2546,119,2,3,271,
2547,401,2,3,91,
2548,194,2,3,103,
2549,311,1,3,267,
2550,543,1,3,197,
2551,404,2,2,262,
2552,324,2,1,356,5.0
2553,586,1,2,118,
2554,359,3,3,342,
2555,331,3,2,337,
2556,306,1,1,347,1.7
2557,431,2,2,98,
2558,111,2,3,8,
2559,418,2,3,122,
2560,80,2,3,108,
2561,562,3,2,11,
2562,12,2,1,240,5.5
2563,37,3,2,102,
2564,74,1,2,307,
2565,473,1,1,350,5.4
2566,65,2,3,73,
2567,25,1,3,121,
2568,306,2,2,38,
2569,486,3,3,342,
2570,441,2,3,218,
2571,324,3,2,291,
2572,535,1,1,224,1.3
2573,482,3,3,14,
2574,291,1,2,365,
2575,230,1,3,152,
2576,83,2,3,156,
2577,161,2,2,43,
2578,582,2,1,217,4.6
2579,244,1,2,5,
2580,26,1,2,200,
2581,144,1,3,148,
2582,14,3,2,53,
2583,424,2,2,350,
2584,191,3,3,261,
2585,385,3,3,232,
2586,532,1,3,264,
2587,162,2,3,356,
2588,335,2,1,305,1.1
2589,39,3,3,23,
2590,398,1,1,11,5.0
2591,521,2,1,119,4.5
2592,33,2,3,216,
2593,453,2,2,238,
2594,215,1,2,218,
2595,565,1,3,316,
2596,252,2,3,267,
2597,567,3,3,274,
2598,515,1,2,24,
2599,45,2,3,15,
2600,293,3,3,108,
2601,562,2,1,157,5.6
2602,139,2,2,37,
2603,124,2,1,262,6.5
2604,385,1,3,247,
2605,371,3,2,143,
2606,504,1,3,5,
2607,125,2,3,315,
2608,248,1,3,313,
2609,548,2,1,155,4.5
2610,393,3,2,329,
2611,404,1,1,252,6.9
2612,495,1,1,185,4.6
2613,128,2,1,344,6.5
2614,13,3,3,257,
2615,430,2,2,351,
2616,250,3,3,157,
2617,446,2,1,11,6.2
2618,349,3,3,152,
2619,53,1,2,121,
2620,318,3,2,328,
2621,351,3,3,187,
2622,304,3,2,30,
2623,98,3,2,42,
2624,439,3,2,235,
2625,436,1,3,118,
2626,57,1,3,360,
2627,172,1,1,104,5.2
2628,483,2,2,58,
2629,312,3,2,283,
2630,465,1,1,350,1.5
2631,56,3,2,240,
2632,159,2,1,20,1.8
2633,161,3,2,111,
2634,370,2,1,251,1.9
2635,2,2,1,129,3.0
2636,264,2,3,212,
2637,87,3,2,314,
2638,128,3,3,269,
2639,68,2,1,95,5.5
2640,236,3,3,10,
2641,240,3,3,338,
2642,244,1,2,308,
2643,149,2,1,284,3.1
2644,483,3,3,150,
2645,486,3,2,326,
2646,321,1,3,29,
2647,375,3,2,352,
2648,583,2,3,269,
2649,94,2,1,301,3.5
2650,555,2,3,310,
2651,38,2,2,298,
2652,198,3,2,37,
2653,23,1,2,7,
2654,132,2,3,318,
2655,345,2,3,337,
2656,516,1,3,325,
2657,68,3,2,146,
2658,315,2,3,236,
2659,177,1,3,331,
2660,296,2,2,67,
2661,486,1,3,140,
2662,77,3,2,352,
2663,156,3,2,129,
2664,344,1,3,299,
2665,12,2,1,314,4.0
2666,421,1,3,270,
2667,249,3,2,15,
2668,268,1,1,324,1.7
2669,243,2,1,98,5.7
2670,330,1,2,127,
2671,286,1,3,135,
2672,240,3,2,104,
2673,325,1,2,316,
2674,519,1,1,79,4.3
2675,570,3,3,11,
2676,258,3,3,84,
2677,597,2,1,205,2.6
2678,343,3,3,213,
2679,160,1,2,311,
2680,351,1,1,40,4.4
2681,199,1,3,255,
2682,542,3,3,95,
2683,15,3,3,293,
2684,40,2,3,299,
2685,285,1,3,252,
2686,386,2,1,126,5.3
2687,209,1,2,212,
2688,133,1,2,204,
2689,572,2,2,12,
2690,303,1,3,10,
2691,451,3,2,110,
2692,64,2,3,327,
2693,23,1,1,136,5.3
2694,245,1,2,70,
2695,569,2,3,256,
2696,211,3,2,345,
2697,299,2,3,145,
2698,439,3,3,308,
2699,447,2,1,362,3.2
2700,480,3,2,99,
2701,547,1,2,94,
2702,53,1,1,57,3.0
2703,223,3,2,304,
2704,353,1,2,70,
2705,102,1,1,54,5.9
2706,432,1,3,113,
2707,40,1,1,26,1.4
2708,78,3,3,11,
2709,328,1,2,298,
2710,235,1,1,231,1.3
2711,457,1,1,213,4.5
2712,510,1,1,173,4.4
2713,304,2,3,324,
2714,65,3,3,125,
2715,502,1,1,146,1.7
2716,272,1,1,289,4.9
2717,54,2,2,350,
2718,471,2,2,35,
2719,364,3,3,141,
2720,49,2,2,354,
2721,404,1,1,176,4.6
2722,507,1,1,351,2.2
2723,116,1,3,282,
2724,252,1,3,308,
2725,404,3,2,258,
2726,475,1,1,35,4.9
2727,386,1,2,227,
2728,550,1,3,252,
2729,70,2,2,320,
2730,118,3,3,350,
2731,563,3,2,232,
2732,407,1,1,163,1.6
2733,233,1,3,137,
2734,74,1,1,47,4.7
2735,297,1,2,178,
2736,542,1,1,68,3.2
2737,332,2,3,132,
2738,344,2,1,75,1.7
2739,300,2,3,357,
2740,511,3,3,366,
2741,235,2,2,136,
2742,145,3,2,234,
2743,180,1,1,362,5.7
2744,588,1,3,159,
2745,221,2,3,204,
2746,123,3,3,323,
2747,165,1,2,87,
2748,454,2,1,356,5.6
2749,288,1,1,277,4.7
2750,106,3,3,363,
2751,400,3,3,128,
2752,556,2,1,118,6.7
2753,518,2,2,309,
2754,414,1,2,166,
2755,345,2,3,334,
2756,509,3,2,166,
2757,9,1,2,39,
2758,332,1,1,361,2.7
2759,334,1,1,235,2.5
2760,191,1,1,144,5.9
2761,461,3,2,238,
2762,286,1,2,201,
2763,506,2,3,52,
2764,357,1,2,270,
2765,543,2,2,356,
2766,266,1,2,226,
2767,585,2,1,76,3.9
2768,24,1,3,126,
2769,594,2,3,236,
2770,596,1,1,304,2.8
2771,205,2,2,356,
2772,187,1,2,156,
2773,478,2,2,87,
2774,408,2,3,337,
2775,263,2,1,136,3.8
2776,556,2,1,165,3.3
2777,31,1,3,246,
2778,120,3,2,215,
2779,287,1,3,79,
2780,281,1,3,354,
2781,460,3,3,273,
2782,502,2,2,49,
2783,92,1,2,139,
2784,564,3,2,364,
2785,174,2,3,358,
2786,384,1,2,92,
2787,174,2,3,223,
2788,261,2,2,347,
2789,222,1,1,90,4.4
2790,280,2,3,238,
2791,327,1,1,365,4.7
2792,337,2,1,211,4.3
2793,273,3,3,278,
2794,261,2,1,263,6.2
2795,527,3,2,330,
2796,159,1,1,245,4.2
2797,177,2,1,195,3.7
2798,308,3,3,343,
2799,23,2,3,261,
2800,452,3,2,118,
